solid OpenSCAD_Model
  facet normal 0 1 -0
    outer loop
      vertex 121 52.25 2.5
      vertex 89.25 52.25 7.5
      vertex 121 52.25 7.5
    endloop
  endfacet
  facet normal 0 1 0
    outer loop
      vertex 89.25 52.25 7.5
      vertex 121 52.25 2.5
      vertex 89.25 52.25 2.5
    endloop
  endfacet
  facet normal 0 1 -0
    outer loop
      vertex 81.25 52.25 2.5
      vertex 4 52.25 7.5
      vertex 81.25 52.25 7.5
    endloop
  endfacet
  facet normal 0 1 0
    outer loop
      vertex 4 52.25 7.5
      vertex 81.25 52.25 2.5
      vertex 4 52.25 2.5
    endloop
  endfacet
  facet normal 0.0487226 0.998812 -0
    outer loop
      vertex 121.123 52.244 2.5
      vertex 121 52.25 7.5
      vertex 121.123 52.244 7.5
    endloop
  endfacet
  facet normal 0.0487226 0.998812 0
    outer loop
      vertex 121 52.25 7.5
      vertex 121.123 52.244 2.5
      vertex 121 52.25 2.5
    endloop
  endfacet
  facet normal 0.147141 0.989116 -0
    outer loop
      vertex 121.244 52.226 2.5
      vertex 121.123 52.244 7.5
      vertex 121.244 52.226 7.5
    endloop
  endfacet
  facet normal 0.147141 0.989116 0
    outer loop
      vertex 121.123 52.244 7.5
      vertex 121.244 52.226 2.5
      vertex 121.123 52.244 2.5
    endloop
  endfacet
  facet normal 0 0 1
    outer loop
      vertex 124.981 51.3921 2.5
      vertex 122.244 51.1225 2.5
      vertex 122.25 51 2.5
    endloop
  endfacet
  facet normal 0 0 1
    outer loop
      vertex 122.886 54.5277 2.5
      vertex 122.226 51.2439 2.5
      vertex 122.244 51.1225 2.5
    endloop
  endfacet
  facet normal 0 0 1
    outer loop
      vertex 122.886 54.5277 2.5
      vertex 122.196 51.3629 2.5
      vertex 122.226 51.2439 2.5
    endloop
  endfacet
  facet normal 0 0 1
    outer loop
      vertex 121.478 52.1548 2.5
      vertex 122.531 54.6955 2.5
      vertex 122.161 54.8278 2.5
    endloop
  endfacet
  facet normal 0 0 1
    outer loop
      vertex 122.886 54.5277 2.5
      vertex 122.155 51.4783 2.5
      vertex 122.196 51.3629 2.5
    endloop
  endfacet
  facet normal 0 0 1
    outer loop
      vertex 122.886 54.5277 2.5
      vertex 122.102 51.5892 2.5
      vertex 122.155 51.4783 2.5
    endloop
  endfacet
  facet normal 0 0 1
    outer loop
      vertex 122.886 54.5277 2.5
      vertex 122.039 51.6945 2.5
      vertex 122.102 51.5892 2.5
    endloop
  endfacet
  facet normal 0 0 1
    outer loop
      vertex 122.886 54.5277 2.5
      vertex 121.966 51.793 2.5
      vertex 122.039 51.6945 2.5
    endloop
  endfacet
  facet normal 0 0 1
    outer loop
      vertex 122.886 54.5277 2.5
      vertex 121.884 51.8839 2.5
      vertex 121.966 51.793 2.5
    endloop
  endfacet
  facet normal 0 0 1
    outer loop
      vertex 122.886 54.5277 2.5
      vertex 121.793 51.9663 2.5
      vertex 121.884 51.8839 2.5
    endloop
  endfacet
  facet normal 0 0 1
    outer loop
      vertex 121.363 52.1962 2.5
      vertex 122.161 54.8278 2.5
      vertex 121.78 54.9231 2.5
    endloop
  endfacet
  facet normal 0 0 1
    outer loop
      vertex 122.886 54.5277 2.5
      vertex 121.694 52.0393 2.5
      vertex 121.793 51.9663 2.5
    endloop
  endfacet
  facet normal 0 0 1
    outer loop
      vertex 122.886 54.5277 2.5
      vertex 121.589 52.1024 2.5
      vertex 121.694 52.0393 2.5
    endloop
  endfacet
  facet normal 0 0 1
    outer loop
      vertex 122.531 54.6955 2.5
      vertex 121.478 52.1548 2.5
      vertex 121.589 52.1024 2.5
    endloop
  endfacet
  facet normal 0 0 1
    outer loop
      vertex 121.244 52.226 2.5
      vertex 121.78 54.9231 2.5
      vertex 121.392 54.9807 2.5
    endloop
  endfacet
  facet normal 0 0 1
    outer loop
      vertex 122.161 54.8278 2.5
      vertex 121.363 52.1962 2.5
      vertex 121.478 52.1548 2.5
    endloop
  endfacet
  facet normal 0 0 1
    outer loop
      vertex 121.78 54.9231 2.5
      vertex 121.244 52.226 2.5
      vertex 121.363 52.1962 2.5
    endloop
  endfacet
  facet normal 0 0 1
    outer loop
      vertex 121.392 54.9807 2.5
      vertex 121.123 52.244 2.5
      vertex 121.244 52.226 2.5
    endloop
  endfacet
  facet normal 0 0 1
    outer loop
      vertex 121 55 2.5
      vertex 121.123 52.244 2.5
      vertex 121.392 54.9807 2.5
    endloop
  endfacet
  facet normal 0 0 1
    outer loop
      vertex 121 55 2.5
      vertex 121 52.25 2.5
      vertex 121.123 52.244 2.5
    endloop
  endfacet
  facet normal 0 0 1
    outer loop
      vertex 121 55 2.5
      vertex 89.25 53.5 2.5
      vertex 121 52.25 2.5
    endloop
  endfacet
  facet normal 0 0 1
    outer loop
      vertex 121 55 2.5
      vertex 81.25 53.5 2.5
      vertex 89.25 53.5 2.5
    endloop
  endfacet
  facet normal -0 0 1
    outer loop
      vertex 4 55 2.5
      vertex 81.25 53.5 2.5
      vertex 121 55 2.5
    endloop
  endfacet
  facet normal 0 0 1
    outer loop
      vertex 4 52.25 2.5
      vertex 81.25 53.5 2.5
      vertex 4 55 2.5
    endloop
  endfacet
  facet normal 0 0 1
    outer loop
      vertex 81.25 53.5 2.5
      vertex 4 52.25 2.5
      vertex 81.25 52.25 2.5
    endloop
  endfacet
  facet normal 0 0 1
    outer loop
      vertex 4 55 2.5
      vertex 3.87747 52.244 2.5
      vertex 4 52.25 2.5
    endloop
  endfacet
  facet normal -0 0 1
    outer loop
      vertex 3.60793 54.9807 2.5
      vertex 3.87747 52.244 2.5
      vertex 4 55 2.5
    endloop
  endfacet
  facet normal 0 0 1
    outer loop
      vertex 3.87747 52.244 2.5
      vertex 3.60793 54.9807 2.5
      vertex 3.75613 52.226 2.5
    endloop
  endfacet
  facet normal -0 0 1
    outer loop
      vertex 3.21964 54.9231 2.5
      vertex 3.75613 52.226 2.5
      vertex 3.60793 54.9807 2.5
    endloop
  endfacet
  facet normal 0 0 1
    outer loop
      vertex 3.75613 52.226 2.5
      vertex 3.21964 54.9231 2.5
      vertex 3.63715 52.1962 2.5
    endloop
  endfacet
  facet normal -0 0 1
    outer loop
      vertex 2.83887 54.8278 2.5
      vertex 3.63715 52.1962 2.5
      vertex 3.21964 54.9231 2.5
    endloop
  endfacet
  facet normal 0 0 1
    outer loop
      vertex 3.63715 52.1962 2.5
      vertex 2.83887 54.8278 2.5
      vertex 3.52165 52.1548 2.5
    endloop
  endfacet
  facet normal -0 0 1
    outer loop
      vertex 2.46927 54.6955 2.5
      vertex 3.52165 52.1548 2.5
      vertex 2.83887 54.8278 2.5
    endloop
  endfacet
  facet normal 0 0 1
    outer loop
      vertex 3.52165 52.1548 2.5
      vertex 2.46927 54.6955 2.5
      vertex 3.41075 52.1024 2.5
    endloop
  endfacet
  facet normal -0 0 1
    outer loop
      vertex 2.11441 54.5277 2.5
      vertex 3.41075 52.1024 2.5
      vertex 2.46927 54.6955 2.5
    endloop
  endfacet
  facet normal 0 0 1
    outer loop
      vertex 3.41075 52.1024 2.5
      vertex 2.11441 54.5277 2.5
      vertex 3.30554 52.0393 2.5
    endloop
  endfacet
  facet normal -0 0 1
    outer loop
      vertex 1.77773 54.3259 2.5
      vertex 3.30554 52.0393 2.5
      vertex 2.11441 54.5277 2.5
    endloop
  endfacet
  facet normal 0 0 1
    outer loop
      vertex 3.30554 52.0393 2.5
      vertex 1.77773 54.3259 2.5
      vertex 3.20702 51.9663 2.5
    endloop
  endfacet
  facet normal -0 0 1
    outer loop
      vertex 1.46243 54.092 2.5
      vertex 3.20702 51.9663 2.5
      vertex 1.77773 54.3259 2.5
    endloop
  endfacet
  facet normal 0 0 1
    outer loop
      vertex 3.20702 51.9663 2.5
      vertex 1.46243 54.092 2.5
      vertex 3.11612 51.8839 2.5
    endloop
  endfacet
  facet normal -0 0 1
    outer loop
      vertex 1.17157 53.8284 2.5
      vertex 3.11612 51.8839 2.5
      vertex 1.46243 54.092 2.5
    endloop
  endfacet
  facet normal 0 0 1
    outer loop
      vertex 3.11612 51.8839 2.5
      vertex 1.17157 53.8284 2.5
      vertex 3.03374 51.793 2.5
    endloop
  endfacet
  facet normal -0 0 1
    outer loop
      vertex 0.907959 53.5376 2.5
      vertex 3.03374 51.793 2.5
      vertex 1.17157 53.8284 2.5
    endloop
  endfacet
  facet normal 0 0 1
    outer loop
      vertex 3.03374 51.793 2.5
      vertex 0.907959 53.5376 2.5
      vertex 2.96066 51.6945 2.5
    endloop
  endfacet
  facet normal 0 0 1
    outer loop
      vertex 2.96066 51.6945 2.5
      vertex 0.674118 53.2223 2.5
      vertex 2.8976 51.5892 2.5
    endloop
  endfacet
  facet normal -0 0 1
    outer loop
      vertex 0.674118 53.2223 2.5
      vertex 2.96066 51.6945 2.5
      vertex 0.907959 53.5376 2.5
    endloop
  endfacet
  facet normal 0 0 1
    outer loop
      vertex 122.25 51 2.5
      vertex 125 51 2.5
      vertex 124.981 51.3921 2.5
    endloop
  endfacet
  facet normal 0 0 1
    outer loop
      vertex 125 51 2.5
      vertex 124.5 32.5 2.5
      vertex 125 4 2.5
    endloop
  endfacet
  facet normal 0 0 1
    outer loop
      vertex 122.244 51.1225 2.5
      vertex 124.981 51.3921 2.5
      vertex 124.923 51.7804 2.5
    endloop
  endfacet
  facet normal -0 0 1
    outer loop
      vertex 124.5 22.5 2.5
      vertex 125 4 2.5
      vertex 124.5 32.5 2.5
    endloop
  endfacet
  facet normal 0 0 1
    outer loop
      vertex 122.244 51.1225 2.5
      vertex 124.923 51.7804 2.5
      vertex 124.828 52.1611 2.5
    endloop
  endfacet
  facet normal 0 0 1
    outer loop
      vertex 122.25 4 2.5
      vertex 125 4 2.5
      vertex 124.5 22.5 2.5
    endloop
  endfacet
  facet normal 0 0 1
    outer loop
      vertex 122.244 51.1225 2.5
      vertex 124.828 52.1611 2.5
      vertex 124.696 52.5307 2.5
    endloop
  endfacet
  facet normal 0 0 1
    outer loop
      vertex 125 4 2.5
      vertex 122.25 4 2.5
      vertex 124.981 3.60793 2.5
    endloop
  endfacet
  facet normal 0 0 1
    outer loop
      vertex 122.244 51.1225 2.5
      vertex 124.696 52.5307 2.5
      vertex 124.528 52.8856 2.5
    endloop
  endfacet
  facet normal -0 0 1
    outer loop
      vertex 122.244 3.87747 2.5
      vertex 124.981 3.60793 2.5
      vertex 122.25 4 2.5
    endloop
  endfacet
  facet normal 0 0 1
    outer loop
      vertex 124.981 3.60793 2.5
      vertex 122.244 3.87747 2.5
      vertex 124.923 3.21964 2.5
    endloop
  endfacet
  facet normal 0 0 1
    outer loop
      vertex 122.244 51.1225 2.5
      vertex 124.528 52.8856 2.5
      vertex 124.326 53.2223 2.5
    endloop
  endfacet
  facet normal 0 0 1
    outer loop
      vertex 122.244 51.1225 2.5
      vertex 124.326 53.2223 2.5
      vertex 124.092 53.5376 2.5
    endloop
  endfacet
  facet normal 0 0 1
    outer loop
      vertex 122.244 51.1225 2.5
      vertex 124.092 53.5376 2.5
      vertex 123.828 53.8284 2.5
    endloop
  endfacet
  facet normal 0 0 1
    outer loop
      vertex 122.244 51.1225 2.5
      vertex 123.828 53.8284 2.5
      vertex 123.538 54.092 2.5
    endloop
  endfacet
  facet normal 0 0 1
    outer loop
      vertex 122.244 51.1225 2.5
      vertex 123.538 54.092 2.5
      vertex 123.222 54.3259 2.5
    endloop
  endfacet
  facet normal 0 0 1
    outer loop
      vertex 122.244 51.1225 2.5
      vertex 123.222 54.3259 2.5
      vertex 122.886 54.5277 2.5
    endloop
  endfacet
  facet normal 0 0 1
    outer loop
      vertex 121.589 52.1024 2.5
      vertex 122.886 54.5277 2.5
      vertex 122.531 54.6955 2.5
    endloop
  endfacet
  facet normal 0 0 1
    outer loop
      vertex 125 51 2.5
      vertex 122.25 51 2.5
      vertex 124.5 32.5 2.5
    endloop
  endfacet
  facet normal 0 0 1
    outer loop
      vertex 124.5 32.5 2.5
      vertex 122.25 51 2.5
      vertex 122.25 32.5 2.5
    endloop
  endfacet
  facet normal -0 0 1
    outer loop
      vertex 122.226 3.75613 2.5
      vertex 124.923 3.21964 2.5
      vertex 122.244 3.87747 2.5
    endloop
  endfacet
  facet normal 0 0 1
    outer loop
      vertex 124.923 3.21964 2.5
      vertex 122.226 3.75613 2.5
      vertex 124.828 2.83887 2.5
    endloop
  endfacet
  facet normal -0 0 1
    outer loop
      vertex 122.196 3.63715 2.5
      vertex 124.828 2.83887 2.5
      vertex 122.226 3.75613 2.5
    endloop
  endfacet
  facet normal 0 0 1
    outer loop
      vertex 124.828 2.83887 2.5
      vertex 122.196 3.63715 2.5
      vertex 124.696 2.46927 2.5
    endloop
  endfacet
  facet normal -0 0 1
    outer loop
      vertex 122.155 3.52165 2.5
      vertex 124.696 2.46927 2.5
      vertex 122.196 3.63715 2.5
    endloop
  endfacet
  facet normal 0 0 1
    outer loop
      vertex 124.696 2.46927 2.5
      vertex 122.155 3.52165 2.5
      vertex 124.528 2.11441 2.5
    endloop
  endfacet
  facet normal -0 0 1
    outer loop
      vertex 122.102 3.41075 2.5
      vertex 124.528 2.11441 2.5
      vertex 122.155 3.52165 2.5
    endloop
  endfacet
  facet normal 0 0 1
    outer loop
      vertex 124.528 2.11441 2.5
      vertex 122.102 3.41075 2.5
      vertex 124.326 1.77773 2.5
    endloop
  endfacet
  facet normal 0 0 1
    outer loop
      vertex 122.25 4 2.5
      vertex 124.5 22.5 2.5
      vertex 122.25 22.5 2.5
    endloop
  endfacet
  facet normal -0 0 1
    outer loop
      vertex 122.039 3.30554 2.5
      vertex 124.326 1.77773 2.5
      vertex 122.102 3.41075 2.5
    endloop
  endfacet
  facet normal 0 0 1
    outer loop
      vertex 124.326 1.77773 2.5
      vertex 122.039 3.30554 2.5
      vertex 124.092 1.46243 2.5
    endloop
  endfacet
  facet normal -0 0 1
    outer loop
      vertex 121.966 3.20702 2.5
      vertex 124.092 1.46243 2.5
      vertex 122.039 3.30554 2.5
    endloop
  endfacet
  facet normal 0 0 1
    outer loop
      vertex 124.092 1.46243 2.5
      vertex 121.966 3.20702 2.5
      vertex 123.828 1.17157 2.5
    endloop
  endfacet
  facet normal -0 0 1
    outer loop
      vertex 121.884 3.11612 2.5
      vertex 123.828 1.17157 2.5
      vertex 121.966 3.20702 2.5
    endloop
  endfacet
  facet normal 0 0 1
    outer loop
      vertex 123.828 1.17157 2.5
      vertex 121.884 3.11612 2.5
      vertex 123.538 0.907959 2.5
    endloop
  endfacet
  facet normal -0 0 1
    outer loop
      vertex 121.793 3.03374 2.5
      vertex 123.538 0.907959 2.5
      vertex 121.884 3.11612 2.5
    endloop
  endfacet
  facet normal 0 0 1
    outer loop
      vertex 123.538 0.907959 2.5
      vertex 121.793 3.03374 2.5
      vertex 123.222 0.674118 2.5
    endloop
  endfacet
  facet normal -0 0 1
    outer loop
      vertex 121.694 2.96066 2.5
      vertex 123.222 0.674118 2.5
      vertex 121.793 3.03374 2.5
    endloop
  endfacet
  facet normal 0 0 1
    outer loop
      vertex 123.222 0.674118 2.5
      vertex 121.694 2.96066 2.5
      vertex 122.886 0.472321 2.5
    endloop
  endfacet
  facet normal -0 0 1
    outer loop
      vertex 121.589 2.8976 2.5
      vertex 122.886 0.472321 2.5
      vertex 121.694 2.96066 2.5
    endloop
  endfacet
  facet normal 0 0 1
    outer loop
      vertex 122.886 0.472321 2.5
      vertex 121.589 2.8976 2.5
      vertex 122.531 0.304489 2.5
    endloop
  endfacet
  facet normal -0 0 1
    outer loop
      vertex 121.478 2.84515 2.5
      vertex 122.531 0.304489 2.5
      vertex 121.589 2.8976 2.5
    endloop
  endfacet
  facet normal 0 0 1
    outer loop
      vertex 122.531 0.304489 2.5
      vertex 121.478 2.84515 2.5
      vertex 122.161 0.172241 2.5
    endloop
  endfacet
  facet normal -0 0 1
    outer loop
      vertex 121.363 2.80382 2.5
      vertex 122.161 0.172241 2.5
      vertex 121.478 2.84515 2.5
    endloop
  endfacet
  facet normal 0 0 1
    outer loop
      vertex 122.161 0.172241 2.5
      vertex 121.363 2.80382 2.5
      vertex 121.78 0.0768585 2.5
    endloop
  endfacet
  facet normal -0 0 1
    outer loop
      vertex 121.244 2.77402 2.5
      vertex 121.78 0.0768585 2.5
      vertex 121.363 2.80382 2.5
    endloop
  endfacet
  facet normal 0 0 1
    outer loop
      vertex 121.78 0.0768585 2.5
      vertex 121.244 2.77402 2.5
      vertex 121.392 0.0192566 2.5
    endloop
  endfacet
  facet normal -0 0 1
    outer loop
      vertex 121.123 2.75601 2.5
      vertex 121.392 0.0192566 2.5
      vertex 121.244 2.77402 2.5
    endloop
  endfacet
  facet normal -0 0 1
    outer loop
      vertex 121 2.75 2.5
      vertex 121.392 0.0192566 2.5
      vertex 121.123 2.75601 2.5
    endloop
  endfacet
  facet normal 0 0 1
    outer loop
      vertex 121 2.75 2.5
      vertex 121 0 2.5
      vertex 121.392 0.0192566 2.5
    endloop
  endfacet
  facet normal -0 0 1
    outer loop
      vertex 4 2.75 2.5
      vertex 121 0 2.5
      vertex 121 2.75 2.5
    endloop
  endfacet
  facet normal 0 0 1
    outer loop
      vertex 4 2.75 2.5
      vertex 4 0 2.5
      vertex 121 0 2.5
    endloop
  endfacet
  facet normal 0 0 1
    outer loop
      vertex 3.87747 2.75601 2.5
      vertex 4 0 2.5
      vertex 4 2.75 2.5
    endloop
  endfacet
  facet normal 0 0 1
    outer loop
      vertex 3.60793 0.0192566 2.5
      vertex 3.87747 2.75601 2.5
      vertex 3.75613 2.77402 2.5
    endloop
  endfacet
  facet normal 0 0 1
    outer loop
      vertex 3.21964 0.0768585 2.5
      vertex 3.75613 2.77402 2.5
      vertex 3.63715 2.80382 2.5
    endloop
  endfacet
  facet normal 0 0 1
    outer loop
      vertex 3.87747 2.75601 2.5
      vertex 3.60793 0.0192566 2.5
      vertex 4 0 2.5
    endloop
  endfacet
  facet normal 0 0 1
    outer loop
      vertex 2.83887 0.172241 2.5
      vertex 3.63715 2.80382 2.5
      vertex 3.52165 2.84515 2.5
    endloop
  endfacet
  facet normal 0 0 1
    outer loop
      vertex 2.46927 0.304489 2.5
      vertex 3.52165 2.84515 2.5
      vertex 3.41075 2.8976 2.5
    endloop
  endfacet
  facet normal 0 0 1
    outer loop
      vertex 2.11441 0.472321 2.5
      vertex 3.41075 2.8976 2.5
      vertex 3.30554 2.96066 2.5
    endloop
  endfacet
  facet normal 0 0 1
    outer loop
      vertex 3.75613 2.77402 2.5
      vertex 3.21964 0.0768585 2.5
      vertex 3.60793 0.0192566 2.5
    endloop
  endfacet
  facet normal 0 0 1
    outer loop
      vertex 1.77773 0.674118 2.5
      vertex 3.30554 2.96066 2.5
      vertex 3.20702 3.03374 2.5
    endloop
  endfacet
  facet normal 0 0 1
    outer loop
      vertex 1.46243 0.907959 2.5
      vertex 3.20702 3.03374 2.5
      vertex 3.11612 3.11612 2.5
    endloop
  endfacet
  facet normal 0 0 1
    outer loop
      vertex 1.17157 1.17157 2.5
      vertex 3.11612 3.11612 2.5
      vertex 3.03374 3.20702 2.5
    endloop
  endfacet
  facet normal 0 0 1
    outer loop
      vertex 0.907959 1.46243 2.5
      vertex 3.03374 3.20702 2.5
      vertex 2.96066 3.30554 2.5
    endloop
  endfacet
  facet normal 0 0 1
    outer loop
      vertex 0.674118 1.77773 2.5
      vertex 2.96066 3.30554 2.5
      vertex 2.8976 3.41075 2.5
    endloop
  endfacet
  facet normal 0 0 1
    outer loop
      vertex 0.472321 2.11441 2.5
      vertex 2.8976 3.41075 2.5
      vertex 2.84515 3.52165 2.5
    endloop
  endfacet
  facet normal 0 0 1
    outer loop
      vertex 3.63715 2.80382 2.5
      vertex 2.83887 0.172241 2.5
      vertex 3.21964 0.0768585 2.5
    endloop
  endfacet
  facet normal 0 0 1
    outer loop
      vertex 0.304489 2.46927 2.5
      vertex 2.84515 3.52165 2.5
      vertex 2.80382 3.63715 2.5
    endloop
  endfacet
  facet normal 0 0 1
    outer loop
      vertex 0.172241 2.83887 2.5
      vertex 2.80382 3.63715 2.5
      vertex 2.77402 3.75613 2.5
    endloop
  endfacet
  facet normal 0 0 1
    outer loop
      vertex 0.0768585 3.21964 2.5
      vertex 2.77402 3.75613 2.5
      vertex 2.75601 3.87747 2.5
    endloop
  endfacet
  facet normal 0 0 1
    outer loop
      vertex 0.0192566 3.60793 2.5
      vertex 2.75601 3.87747 2.5
      vertex 2.75 4 2.5
    endloop
  endfacet
  facet normal 0 0 1
    outer loop
      vertex 3.52165 2.84515 2.5
      vertex 2.46927 0.304489 2.5
      vertex 2.83887 0.172241 2.5
    endloop
  endfacet
  facet normal 0 0 1
    outer loop
      vertex 2.75 51 2.5
      vertex 0 51 2.5
      vertex 2.75 4 2.5
    endloop
  endfacet
  facet normal -0 0 1
    outer loop
      vertex 0.472321 52.8856 2.5
      vertex 2.8976 51.5892 2.5
      vertex 0.674118 53.2223 2.5
    endloop
  endfacet
  facet normal 0 0 1
    outer loop
      vertex 0 4 2.5
      vertex 2.75 4 2.5
      vertex 0 51 2.5
    endloop
  endfacet
  facet normal 0 0 1
    outer loop
      vertex 2.8976 51.5892 2.5
      vertex 0.472321 52.8856 2.5
      vertex 2.84515 51.4783 2.5
    endloop
  endfacet
  facet normal 0 -0 1
    outer loop
      vertex 0.0192566 3.60793 2.5
      vertex 2.75 4 2.5
      vertex 0 4 2.5
    endloop
  endfacet
  facet normal -0 0 1
    outer loop
      vertex 0.304489 52.5307 2.5
      vertex 2.84515 51.4783 2.5
      vertex 0.472321 52.8856 2.5
    endloop
  endfacet
  facet normal 0 0 1
    outer loop
      vertex 3.41075 2.8976 2.5
      vertex 2.11441 0.472321 2.5
      vertex 2.46927 0.304489 2.5
    endloop
  endfacet
  facet normal 0 0 1
    outer loop
      vertex 2.84515 51.4783 2.5
      vertex 0.304489 52.5307 2.5
      vertex 2.80382 51.3629 2.5
    endloop
  endfacet
  facet normal 0 0 1
    outer loop
      vertex 3.30554 2.96066 2.5
      vertex 1.77773 0.674118 2.5
      vertex 2.11441 0.472321 2.5
    endloop
  endfacet
  facet normal -0 0 1
    outer loop
      vertex 0.172241 52.1611 2.5
      vertex 2.80382 51.3629 2.5
      vertex 0.304489 52.5307 2.5
    endloop
  endfacet
  facet normal 0 0 1
    outer loop
      vertex 3.20702 3.03374 2.5
      vertex 1.46243 0.907959 2.5
      vertex 1.77773 0.674118 2.5
    endloop
  endfacet
  facet normal 0 0 1
    outer loop
      vertex 2.80382 51.3629 2.5
      vertex 0.172241 52.1611 2.5
      vertex 2.77402 51.2439 2.5
    endloop
  endfacet
  facet normal 0 0 1
    outer loop
      vertex 3.11612 3.11612 2.5
      vertex 1.17157 1.17157 2.5
      vertex 1.46243 0.907959 2.5
    endloop
  endfacet
  facet normal -0 0 1
    outer loop
      vertex 0.0768585 51.7804 2.5
      vertex 2.77402 51.2439 2.5
      vertex 0.172241 52.1611 2.5
    endloop
  endfacet
  facet normal 0 0 1
    outer loop
      vertex 3.03374 3.20702 2.5
      vertex 0.907959 1.46243 2.5
      vertex 1.17157 1.17157 2.5
    endloop
  endfacet
  facet normal 0 0 1
    outer loop
      vertex 2.77402 51.2439 2.5
      vertex 0.0768585 51.7804 2.5
      vertex 2.75601 51.1225 2.5
    endloop
  endfacet
  facet normal 0 0 1
    outer loop
      vertex 2.96066 3.30554 2.5
      vertex 0.674118 1.77773 2.5
      vertex 0.907959 1.46243 2.5
    endloop
  endfacet
  facet normal -0 0 1
    outer loop
      vertex 0.0192566 51.3921 2.5
      vertex 2.75601 51.1225 2.5
      vertex 0.0768585 51.7804 2.5
    endloop
  endfacet
  facet normal 0 0 1
    outer loop
      vertex 2.8976 3.41075 2.5
      vertex 0.472321 2.11441 2.5
      vertex 0.674118 1.77773 2.5
    endloop
  endfacet
  facet normal 0 0 1
    outer loop
      vertex 2.75601 51.1225 2.5
      vertex 0.0192566 51.3921 2.5
      vertex 2.75 51 2.5
    endloop
  endfacet
  facet normal 0 0 1
    outer loop
      vertex 2.84515 3.52165 2.5
      vertex 0.304489 2.46927 2.5
      vertex 0.472321 2.11441 2.5
    endloop
  endfacet
  facet normal 0 0 1
    outer loop
      vertex 2.75 51 2.5
      vertex 0.0192566 51.3921 2.5
      vertex 0 51 2.5
    endloop
  endfacet
  facet normal 0 0 1
    outer loop
      vertex 2.80382 3.63715 2.5
      vertex 0.172241 2.83887 2.5
      vertex 0.304489 2.46927 2.5
    endloop
  endfacet
  facet normal 0 0 1
    outer loop
      vertex 2.77402 3.75613 2.5
      vertex 0.0768585 3.21964 2.5
      vertex 0.172241 2.83887 2.5
    endloop
  endfacet
  facet normal 0 0 1
    outer loop
      vertex 2.75601 3.87747 2.5
      vertex 0.0192566 3.60793 2.5
      vertex 0.0768585 3.21964 2.5
    endloop
  endfacet
  facet normal 0 0 1
    outer loop
      vertex 121 52.25 2.5
      vertex 89.25 53.5 2.5
      vertex 89.25 52.25 2.5
    endloop
  endfacet
  facet normal 0 0 1
    outer loop
      vertex 81.25 50.65 2.5
      vertex 4.85 50.65 2.5
      vertex 81.25 48.9 2.5
    endloop
  endfacet
  facet normal 0 0 1
    outer loop
      vertex 120.15 50.65 2.5
      vertex 120.65 50.15 2.5
      vertex 120.648 50.199 2.5
    endloop
  endfacet
  facet normal 0 0 1
    outer loop
      vertex 120.15 50.65 2.5
      vertex 120.648 50.199 2.5
      vertex 120.64 50.2476 2.5
    endloop
  endfacet
  facet normal 0 0 1
    outer loop
      vertex 120.15 50.65 2.5
      vertex 120.64 50.2476 2.5
      vertex 120.628 50.2951 2.5
    endloop
  endfacet
  facet normal 0 0 1
    outer loop
      vertex 120.15 50.65 2.5
      vertex 120.628 50.2951 2.5
      vertex 120.612 50.3413 2.5
    endloop
  endfacet
  facet normal 0 0 1
    outer loop
      vertex 120.15 50.65 2.5
      vertex 120.612 50.3413 2.5
      vertex 120.591 50.3857 2.5
    endloop
  endfacet
  facet normal 0 0 1
    outer loop
      vertex 120.15 50.65 2.5
      vertex 120.591 50.3857 2.5
      vertex 120.566 50.4278 2.5
    endloop
  endfacet
  facet normal 0 0 1
    outer loop
      vertex 120.15 50.65 2.5
      vertex 120.566 50.4278 2.5
      vertex 120.536 50.4672 2.5
    endloop
  endfacet
  facet normal 0 0 1
    outer loop
      vertex 120.15 50.65 2.5
      vertex 120.536 50.4672 2.5
      vertex 120.504 50.5035 2.5
    endloop
  endfacet
  facet normal 0 0 1
    outer loop
      vertex 120.15 50.65 2.5
      vertex 120.504 50.5035 2.5
      vertex 120.467 50.5365 2.5
    endloop
  endfacet
  facet normal 0 0 1
    outer loop
      vertex 120.15 50.65 2.5
      vertex 120.467 50.5365 2.5
      vertex 120.428 50.5657 2.5
    endloop
  endfacet
  facet normal 0 0 1
    outer loop
      vertex 120.15 50.65 2.5
      vertex 120.428 50.5657 2.5
      vertex 120.386 50.591 2.5
    endloop
  endfacet
  facet normal 0 0 1
    outer loop
      vertex 120.15 50.65 2.5
      vertex 120.386 50.591 2.5
      vertex 120.341 50.6119 2.5
    endloop
  endfacet
  facet normal 0 0 1
    outer loop
      vertex 120.15 50.65 2.5
      vertex 120.341 50.6119 2.5
      vertex 120.295 50.6285 2.5
    endloop
  endfacet
  facet normal 0 0 1
    outer loop
      vertex 120.15 50.65 2.5
      vertex 120.295 50.6285 2.5
      vertex 120.248 50.6404 2.5
    endloop
  endfacet
  facet normal 0 0 1
    outer loop
      vertex 120.15 50.65 2.5
      vertex 120.248 50.6404 2.5
      vertex 120.199 50.6476 2.5
    endloop
  endfacet
  facet normal 0 0 1
    outer loop
      vertex 120.65 50.15 2.5
      vertex 120.15 50.65 2.5
      vertex 118.9 32.5 2.5
    endloop
  endfacet
  facet normal 0 0 1
    outer loop
      vertex 120.65 50.15 2.5
      vertex 118.9 32.5 2.5
      vertex 120.65 32.5 2.5
    endloop
  endfacet
  facet normal 0 0 1
    outer loop
      vertex 120.15 50.65 2.5
      vertex 89.25 48.9 2.5
      vertex 118.9 32.5 2.5
    endloop
  endfacet
  facet normal 0 0 1
    outer loop
      vertex 89.25 48.9 2.5
      vertex 120.15 50.65 2.5
      vertex 89.25 50.65 2.5
    endloop
  endfacet
  facet normal -0 0 1
    outer loop
      vertex 118.9 22.5 2.5
      vertex 120.65 4.85001 2.5
      vertex 120.65 22.5 2.5
    endloop
  endfacet
  facet normal 0 -0 1
    outer loop
      vertex 120.15 4.35001 2.5
      vertex 120.65 4.85001 2.5
      vertex 118.9 22.5 2.5
    endloop
  endfacet
  facet normal 0 0 1
    outer loop
      vertex 120.65 4.85001 2.5
      vertex 120.15 4.35001 2.5
      vertex 120.648 4.801 2.5
    endloop
  endfacet
  facet normal 0 0 1
    outer loop
      vertex 120.648 4.801 2.5
      vertex 120.15 4.35001 2.5
      vertex 120.64 4.75246 2.5
    endloop
  endfacet
  facet normal 0 0 1
    outer loop
      vertex 120.64 4.75246 2.5
      vertex 120.15 4.35001 2.5
      vertex 120.628 4.70487 2.5
    endloop
  endfacet
  facet normal 0 0 1
    outer loop
      vertex 120.628 4.70487 2.5
      vertex 120.15 4.35001 2.5
      vertex 120.612 4.65867 2.5
    endloop
  endfacet
  facet normal 0 0 1
    outer loop
      vertex 120.612 4.65867 2.5
      vertex 120.15 4.35001 2.5
      vertex 120.591 4.61431 2.5
    endloop
  endfacet
  facet normal 0 0 1
    outer loop
      vertex 120.591 4.61431 2.5
      vertex 120.15 4.35001 2.5
      vertex 120.566 4.57223 2.5
    endloop
  endfacet
  facet normal 0 0 1
    outer loop
      vertex 120.566 4.57223 2.5
      vertex 120.15 4.35001 2.5
      vertex 120.536 4.53281 2.5
    endloop
  endfacet
  facet normal 0 0 1
    outer loop
      vertex 120.536 4.53281 2.5
      vertex 120.15 4.35001 2.5
      vertex 120.504 4.49647 2.5
    endloop
  endfacet
  facet normal 0 0 1
    outer loop
      vertex 120.504 4.49647 2.5
      vertex 120.15 4.35001 2.5
      vertex 120.467 4.46351 2.5
    endloop
  endfacet
  facet normal 0 0 1
    outer loop
      vertex 120.467 4.46351 2.5
      vertex 120.15 4.35001 2.5
      vertex 120.428 4.43427 2.5
    endloop
  endfacet
  facet normal 0 0 1
    outer loop
      vertex 120.428 4.43427 2.5
      vertex 120.15 4.35001 2.5
      vertex 120.386 4.40905 2.5
    endloop
  endfacet
  facet normal 0 0 1
    outer loop
      vertex 120.386 4.40905 2.5
      vertex 120.15 4.35001 2.5
      vertex 120.341 4.38807 2.5
    endloop
  endfacet
  facet normal 0 0 1
    outer loop
      vertex 120.341 4.38807 2.5
      vertex 120.15 4.35001 2.5
      vertex 120.295 4.37154 2.5
    endloop
  endfacet
  facet normal 0 0 1
    outer loop
      vertex 120.248 4.35963 2.5
      vertex 120.15 4.35001 2.5
      vertex 120.199 4.35242 2.5
    endloop
  endfacet
  facet normal 0 0 1
    outer loop
      vertex 120.295 4.37154 2.5
      vertex 120.15 4.35001 2.5
      vertex 120.248 4.35963 2.5
    endloop
  endfacet
  facet normal 0 0 1
    outer loop
      vertex 118.9 32.5 2.5
      vertex 89.25 48.9 2.5
      vertex 118.9 22.5 2.5
    endloop
  endfacet
  facet normal -0 0 1
    outer loop
      vertex 81.25 48.9 2.5
      vertex 118.9 22.5 2.5
      vertex 89.25 48.9 2.5
    endloop
  endfacet
  facet normal 0 0 1
    outer loop
      vertex 118.9 22.5 2.5
      vertex 81.25 48.9 2.5
      vertex 120.15 4.35001 2.5
    endloop
  endfacet
  facet normal 0 0 1
    outer loop
      vertex 4.85 4.35001 2.5
      vertex 81.25 48.9 2.5
      vertex 4.85 50.65 2.5
    endloop
  endfacet
  facet normal 0 0 1
    outer loop
      vertex 81.25 48.9 2.5
      vertex 4.85 4.35001 2.5
      vertex 120.15 4.35001 2.5
    endloop
  endfacet
  facet normal 0 0 1
    outer loop
      vertex 4.35 50.15 2.5
      vertex 4.85 50.65 2.5
      vertex 4.80099 50.6476 2.5
    endloop
  endfacet
  facet normal 0 0 1
    outer loop
      vertex 4.85 50.65 2.5
      vertex 4.35 50.15 2.5
      vertex 4.85 4.35001 2.5
    endloop
  endfacet
  facet normal 0 0 1
    outer loop
      vertex 4.35 50.15 2.5
      vertex 4.80099 50.6476 2.5
      vertex 4.75245 50.6404 2.5
    endloop
  endfacet
  facet normal -0 0 1
    outer loop
      vertex 4.35 4.85001 2.5
      vertex 4.85 4.35001 2.5
      vertex 4.35 50.15 2.5
    endloop
  endfacet
  facet normal 0 0 1
    outer loop
      vertex 4.35 50.15 2.5
      vertex 4.75245 50.6404 2.5
      vertex 4.70486 50.6285 2.5
    endloop
  endfacet
  facet normal 0 0 1
    outer loop
      vertex 4.85 4.35001 2.5
      vertex 4.35 4.85001 2.5
      vertex 4.80099 4.35242 2.5
    endloop
  endfacet
  facet normal 0 0 1
    outer loop
      vertex 4.35 50.15 2.5
      vertex 4.70486 50.6285 2.5
      vertex 4.65865 50.6119 2.5
    endloop
  endfacet
  facet normal 0 0 1
    outer loop
      vertex 4.80099 4.35242 2.5
      vertex 4.35 4.85001 2.5
      vertex 4.75245 4.35963 2.5
    endloop
  endfacet
  facet normal 0 0 1
    outer loop
      vertex 4.35 50.15 2.5
      vertex 4.65865 50.6119 2.5
      vertex 4.6143 50.591 2.5
    endloop
  endfacet
  facet normal 0 0 1
    outer loop
      vertex 4.75245 4.35963 2.5
      vertex 4.35 4.85001 2.5
      vertex 4.70486 4.37154 2.5
    endloop
  endfacet
  facet normal 0 0 1
    outer loop
      vertex 4.35 50.15 2.5
      vertex 4.6143 50.591 2.5
      vertex 4.57221 50.5657 2.5
    endloop
  endfacet
  facet normal 0 0 1
    outer loop
      vertex 4.70486 4.37154 2.5
      vertex 4.35 4.85001 2.5
      vertex 4.65865 4.38807 2.5
    endloop
  endfacet
  facet normal 0 0 1
    outer loop
      vertex 4.35 50.15 2.5
      vertex 4.57221 50.5657 2.5
      vertex 4.5328 50.5365 2.5
    endloop
  endfacet
  facet normal 0 0 1
    outer loop
      vertex 4.65865 4.38807 2.5
      vertex 4.35 4.85001 2.5
      vertex 4.6143 4.40905 2.5
    endloop
  endfacet
  facet normal 0 0 1
    outer loop
      vertex 4.35 50.15 2.5
      vertex 4.5328 50.5365 2.5
      vertex 4.49645 50.5035 2.5
    endloop
  endfacet
  facet normal 0 0 1
    outer loop
      vertex 4.6143 4.40905 2.5
      vertex 4.35 4.85001 2.5
      vertex 4.57221 4.43427 2.5
    endloop
  endfacet
  facet normal 0 0 1
    outer loop
      vertex 4.35 50.15 2.5
      vertex 4.49645 50.5035 2.5
      vertex 4.46349 50.4672 2.5
    endloop
  endfacet
  facet normal 0 0 1
    outer loop
      vertex 4.57221 4.43427 2.5
      vertex 4.35 4.85001 2.5
      vertex 4.5328 4.46351 2.5
    endloop
  endfacet
  facet normal 0 0 1
    outer loop
      vertex 4.35 50.15 2.5
      vertex 4.46349 50.4672 2.5
      vertex 4.43426 50.4278 2.5
    endloop
  endfacet
  facet normal 0 0 1
    outer loop
      vertex 4.5328 4.46351 2.5
      vertex 4.35 4.85001 2.5
      vertex 4.49645 4.49647 2.5
    endloop
  endfacet
  facet normal 0 0 1
    outer loop
      vertex 4.35 50.15 2.5
      vertex 4.43426 50.4278 2.5
      vertex 4.40904 50.3857 2.5
    endloop
  endfacet
  facet normal 0 0 1
    outer loop
      vertex 4.49645 4.49647 2.5
      vertex 4.35 4.85001 2.5
      vertex 4.46349 4.53281 2.5
    endloop
  endfacet
  facet normal 0 0 1
    outer loop
      vertex 4.35 50.15 2.5
      vertex 4.40904 50.3857 2.5
      vertex 4.38805 50.3413 2.5
    endloop
  endfacet
  facet normal 0 0 1
    outer loop
      vertex 4.46349 4.53281 2.5
      vertex 4.35 4.85001 2.5
      vertex 4.43426 4.57223 2.5
    endloop
  endfacet
  facet normal 0 0 1
    outer loop
      vertex 4.35 50.15 2.5
      vertex 4.38805 50.3413 2.5
      vertex 4.37153 50.2951 2.5
    endloop
  endfacet
  facet normal 0 0 1
    outer loop
      vertex 4.43426 4.57223 2.5
      vertex 4.35 4.85001 2.5
      vertex 4.40904 4.61431 2.5
    endloop
  endfacet
  facet normal 0 0 1
    outer loop
      vertex 4.35 50.15 2.5
      vertex 4.37153 50.2951 2.5
      vertex 4.35961 50.2476 2.5
    endloop
  endfacet
  facet normal 0 0 1
    outer loop
      vertex 4.40904 4.61431 2.5
      vertex 4.35 4.85001 2.5
      vertex 4.38805 4.65867 2.5
    endloop
  endfacet
  facet normal 0 0 1
    outer loop
      vertex 4.35 50.15 2.5
      vertex 4.35961 50.2476 2.5
      vertex 4.35241 50.199 2.5
    endloop
  endfacet
  facet normal 0 0 1
    outer loop
      vertex 4.38805 4.65867 2.5
      vertex 4.35 4.85001 2.5
      vertex 4.37153 4.70487 2.5
    endloop
  endfacet
  facet normal 0 0 1
    outer loop
      vertex 4.37153 4.70487 2.5
      vertex 4.35 4.85001 2.5
      vertex 4.35961 4.75246 2.5
    endloop
  endfacet
  facet normal 0 0 1
    outer loop
      vertex 4.35961 4.75246 2.5
      vertex 4.35 4.85001 2.5
      vertex 4.35241 4.801 2.5
    endloop
  endfacet
  facet normal -0 0 1
    outer loop
      vertex 122.25 32.5 2.5
      vertex 124.5 22.5 2.5
      vertex 124.5 32.5 2.5
    endloop
  endfacet
  facet normal 0 0 1
    outer loop
      vertex 122.25 32.5 2.5
      vertex 122.25 22.5 2.5
      vertex 124.5 22.5 2.5
    endloop
  endfacet
  facet normal -0 0 1
    outer loop
      vertex 120.65 32.5 2.5
      vertex 122.25 22.5 2.5
      vertex 122.25 32.5 2.5
    endloop
  endfacet
  facet normal 0 0 1
    outer loop
      vertex 120.65 32.5 2.5
      vertex 120.65 22.5 2.5
      vertex 122.25 22.5 2.5
    endloop
  endfacet
  facet normal -0 0 1
    outer loop
      vertex 118.9 32.5 2.5
      vertex 120.65 22.5 2.5
      vertex 120.65 32.5 2.5
    endloop
  endfacet
  facet normal 0 0 1
    outer loop
      vertex 120.65 22.5 2.5
      vertex 118.9 32.5 2.5
      vertex 118.9 22.5 2.5
    endloop
  endfacet
  facet normal 0 0 1
    outer loop
      vertex 81.25 52.25 2.5
      vertex 89.25 52.25 2.5
      vertex 89.25 53.5 2.5
    endloop
  endfacet
  facet normal 0 0 1
    outer loop
      vertex 89.25 52.25 2.5
      vertex 81.25 52.25 2.5
      vertex 89.25 50.65 2.5
    endloop
  endfacet
  facet normal 0 0 1
    outer loop
      vertex 81.25 52.25 2.5
      vertex 89.25 53.5 2.5
      vertex 81.25 53.5 2.5
    endloop
  endfacet
  facet normal 0 0 1
    outer loop
      vertex 89.25 50.65 2.5
      vertex 81.25 52.25 2.5
      vertex 81.25 50.65 2.5
    endloop
  endfacet
  facet normal 0 0 1
    outer loop
      vertex 89.25 50.65 2.5
      vertex 81.25 50.65 2.5
      vertex 89.25 48.9 2.5
    endloop
  endfacet
  facet normal 0 0 1
    outer loop
      vertex 89.25 48.9 2.5
      vertex 81.25 50.65 2.5
      vertex 81.25 48.9 2.5
    endloop
  endfacet
  facet normal -0.0489903 -0.998799 0
    outer loop
      vertex 3.87747 2.75601 2.5
      vertex 4 2.75 7.5
      vertex 3.87747 2.75601 7.5
    endloop
  endfacet
  facet normal -0.0489903 -0.998799 -0
    outer loop
      vertex 4 2.75 7.5
      vertex 3.87747 2.75601 2.5
      vertex 4 2.75 2.5
    endloop
  endfacet
  facet normal 0.0488036 -0.998808 0
    outer loop
      vertex 121 2.75 2.5
      vertex 121.123 2.75601 7.5
      vertex 121 2.75 7.5
    endloop
  endfacet
  facet normal 0.0488036 -0.998808 0
    outer loop
      vertex 121.123 2.75601 7.5
      vertex 121 2.75 2.5
      vertex 121.123 2.75601 2.5
    endloop
  endfacet
  facet normal -0.42721 0.904152 0
    outer loop
      vertex 3.52165 52.1548 2.5
      vertex 3.41075 52.1024 7.5
      vertex 3.52165 52.1548 7.5
    endloop
  endfacet
  facet normal -0.42721 0.904152 0
    outer loop
      vertex 3.41075 52.1024 7.5
      vertex 3.52165 52.1548 2.5
      vertex 3.41075 52.1024 2.5
    endloop
  endfacet
  facet normal 0 -1 0
    outer loop
      vertex 4 2.75 2.5
      vertex 121 2.75 7.5
      vertex 4 2.75 7.5
    endloop
  endfacet
  facet normal 0 -1 -0
    outer loop
      vertex 121 2.75 7.5
      vertex 4 2.75 2.5
      vertex 121 2.75 2.5
    endloop
  endfacet
  facet normal -0.803158 -0.595766 0
    outer loop
      vertex 3.03374 3.20702 2.5
      vertex 2.96066 3.30554 7.5
      vertex 2.96066 3.30554 2.5
    endloop
  endfacet
  facet normal -0.803158 -0.595766 0
    outer loop
      vertex 2.96066 3.30554 7.5
      vertex 3.03374 3.20702 2.5
      vertex 3.03374 3.20702 7.5
    endloop
  endfacet
  facet normal -1 0 0
    outer loop
      vertex 2.75 4 2.5
      vertex 2.75 51 7.5
      vertex 2.75 51 2.5
    endloop
  endfacet
  facet normal -1 -0 0
    outer loop
      vertex 2.75 51 7.5
      vertex 2.75 4 2.5
      vertex 2.75 4 7.5
    endloop
  endfacet
  facet normal -0.146738 0.989175 0
    outer loop
      vertex 3.87747 52.244 2.5
      vertex 3.75613 52.226 7.5
      vertex 3.87747 52.244 7.5
    endloop
  endfacet
  facet normal -0.146738 0.989175 0
    outer loop
      vertex 3.75613 52.226 7.5
      vertex 3.87747 52.244 2.5
      vertex 3.75613 52.226 2.5
    endloop
  endfacet
  facet normal -0.242958 0.970037 0
    outer loop
      vertex 3.75613 52.226 2.5
      vertex 3.63715 52.1962 7.5
      vertex 3.75613 52.226 7.5
    endloop
  endfacet
  facet normal -0.242958 0.970037 0
    outer loop
      vertex 3.63715 52.1962 7.5
      vertex 3.75613 52.226 2.5
      vertex 3.63715 52.1962 2.5
    endloop
  endfacet
  facet normal 1 -0 0
    outer loop
      vertex 122.25 32.5 7.5
      vertex 122.25 51 2.5
      vertex 122.25 51 7.5
    endloop
  endfacet
  facet normal 1 0 0
    outer loop
      vertex 122.25 51 2.5
      vertex 122.25 32.5 7.5
      vertex 122.25 32.5 2.5
    endloop
  endfacet
  facet normal 1 -0 0
    outer loop
      vertex 122.25 4 7.5
      vertex 122.25 22.5 2.5
      vertex 122.25 22.5 7.5
    endloop
  endfacet
  facet normal 1 0 0
    outer loop
      vertex 122.25 22.5 2.5
      vertex 122.25 4 7.5
      vertex 122.25 4 2.5
    endloop
  endfacet
  facet normal 0.427228 -0.904144 0
    outer loop
      vertex 121.478 2.84515 2.5
      vertex 121.589 2.8976 7.5
      vertex 121.478 2.84515 7.5
    endloop
  endfacet
  facet normal 0.427228 -0.904144 0
    outer loop
      vertex 121.589 2.8976 7.5
      vertex 121.478 2.84515 2.5
      vertex 121.589 2.8976 2.5
    endloop
  endfacet
  facet normal -0.740979 -0.671528 0
    outer loop
      vertex 3.11612 3.11612 2.5
      vertex 3.03374 3.20702 7.5
      vertex 3.03374 3.20702 2.5
    endloop
  endfacet
  facet normal -0.740979 -0.671528 0
    outer loop
      vertex 3.03374 3.20702 7.5
      vertex 3.11612 3.11612 2.5
      vertex 3.11612 3.11612 7.5
    endloop
  endfacet
  facet normal -0.970037 -0.242958 0
    outer loop
      vertex 2.80382 3.63715 2.5
      vertex 2.77402 3.75613 7.5
      vertex 2.77402 3.75613 2.5
    endloop
  endfacet
  facet normal -0.970037 -0.242958 0
    outer loop
      vertex 2.77402 3.75613 7.5
      vertex 2.80382 3.63715 2.5
      vertex 2.80382 3.63715 7.5
    endloop
  endfacet
  facet normal -0.998799 0.0490023 0
    outer loop
      vertex 2.75 51 2.5
      vertex 2.75601 51.1225 7.5
      vertex 2.75601 51.1225 2.5
    endloop
  endfacet
  facet normal -0.998799 0.0490023 0
    outer loop
      vertex 2.75601 51.1225 7.5
      vertex 2.75 51 2.5
      vertex 2.75 51 7.5
    endloop
  endfacet
  facet normal -0.048909 0.998803 0
    outer loop
      vertex 4 52.25 2.5
      vertex 3.87747 52.244 7.5
      vertex 4 52.25 7.5
    endloop
  endfacet
  facet normal -0.048909 0.998803 0
    outer loop
      vertex 3.87747 52.244 7.5
      vertex 4 52.25 2.5
      vertex 3.87747 52.244 2.5
    endloop
  endfacet
  facet normal 0.515096 0.857133 -0
    outer loop
      vertex 121.694 52.0393 2.5
      vertex 121.589 52.1024 7.5
      vertex 121.694 52.0393 7.5
    endloop
  endfacet
  facet normal 0.515096 0.857133 0
    outer loop
      vertex 121.589 52.1024 7.5
      vertex 121.694 52.0393 2.5
      vertex 121.589 52.1024 2.5
    endloop
  endfacet
  facet normal 0.242919 -0.970047 0
    outer loop
      vertex 121.244 2.77402 2.5
      vertex 121.363 2.80382 7.5
      vertex 121.244 2.77402 7.5
    endloop
  endfacet
  facet normal 0.242919 -0.970047 0
    outer loop
      vertex 121.363 2.80382 7.5
      vertex 121.244 2.77402 2.5
      vertex 121.363 2.80382 2.5
    endloop
  endfacet
  facet normal 0.338212 -0.94107 0
    outer loop
      vertex 121.363 2.80382 2.5
      vertex 121.478 2.84515 7.5
      vertex 121.363 2.80382 7.5
    endloop
  endfacet
  facet normal 0.338212 -0.94107 0
    outer loop
      vertex 121.478 2.84515 7.5
      vertex 121.363 2.80382 2.5
      vertex 121.478 2.84515 2.5
    endloop
  endfacet
  facet normal -0.5141 -0.85773 0
    outer loop
      vertex 3.30554 2.96066 2.5
      vertex 3.41075 2.8976 7.5
      vertex 3.30554 2.96066 7.5
    endloop
  endfacet
  facet normal -0.5141 -0.85773 -0
    outer loop
      vertex 3.41075 2.8976 7.5
      vertex 3.30554 2.96066 2.5
      vertex 3.41075 2.8976 2.5
    endloop
  endfacet
  facet normal -0.336915 -0.941535 0
    outer loop
      vertex 3.52165 2.84515 2.5
      vertex 3.63715 2.80382 7.5
      vertex 3.52165 2.84515 7.5
    endloop
  endfacet
  facet normal -0.336915 -0.941535 -0
    outer loop
      vertex 3.63715 2.80382 7.5
      vertex 3.52165 2.84515 2.5
      vertex 3.63715 2.80382 2.5
    endloop
  endfacet
  facet normal -0.998799 -0.0489903 0
    outer loop
      vertex 2.75601 3.87747 2.5
      vertex 2.75 4 7.5
      vertex 2.75 4 2.5
    endloop
  endfacet
  facet normal -0.998799 -0.0489903 0
    outer loop
      vertex 2.75 4 7.5
      vertex 2.75601 3.87747 2.5
      vertex 2.75601 3.87747 7.5
    endloop
  endfacet
  facet normal -0.989164 -0.146818 0
    outer loop
      vertex 2.77402 3.75613 2.5
      vertex 2.75601 3.87747 7.5
      vertex 2.75601 3.87747 2.5
    endloop
  endfacet
  facet normal -0.989164 -0.146818 0
    outer loop
      vertex 2.75601 3.87747 7.5
      vertex 2.77402 3.75613 2.5
      vertex 2.77402 3.75613 7.5
    endloop
  endfacet
  facet normal -0.33742 0.941354 0
    outer loop
      vertex 3.63715 52.1962 2.5
      vertex 3.52165 52.1548 7.5
      vertex 3.63715 52.1962 7.5
    endloop
  endfacet
  facet normal -0.33742 0.941354 0
    outer loop
      vertex 3.52165 52.1548 7.5
      vertex 3.63715 52.1962 2.5
      vertex 3.52165 52.1548 2.5
    endloop
  endfacet
  facet normal 0.857946 -0.51374 0
    outer loop
      vertex 122.039 3.30554 7.5
      vertex 122.102 3.41075 2.5
      vertex 122.102 3.41075 7.5
    endloop
  endfacet
  facet normal 0.857946 -0.51374 0
    outer loop
      vertex 122.102 3.41075 2.5
      vertex 122.039 3.30554 7.5
      vertex 122.039 3.30554 2.5
    endloop
  endfacet
  facet normal 0.242919 0.970047 -0
    outer loop
      vertex 121.363 52.1962 2.5
      vertex 121.244 52.226 7.5
      vertex 121.363 52.1962 7.5
    endloop
  endfacet
  facet normal 0.242919 0.970047 0
    outer loop
      vertex 121.244 52.226 7.5
      vertex 121.363 52.1962 2.5
      vertex 121.244 52.226 2.5
    endloop
  endfacet
  facet normal 0.147221 -0.989104 0
    outer loop
      vertex 121.123 2.75601 2.5
      vertex 121.244 2.77402 7.5
      vertex 121.123 2.75601 7.5
    endloop
  endfacet
  facet normal 0.147221 -0.989104 0
    outer loop
      vertex 121.244 2.77402 7.5
      vertex 121.123 2.75601 2.5
      vertex 121.244 2.77402 2.5
    endloop
  endfacet
  facet normal -0.427543 -0.903995 0
    outer loop
      vertex 3.41075 2.8976 2.5
      vertex 3.52165 2.84515 7.5
      vertex 3.41075 2.8976 7.5
    endloop
  endfacet
  facet normal -0.427543 -0.903995 -0
    outer loop
      vertex 3.52165 2.84515 7.5
      vertex 3.41075 2.8976 2.5
      vertex 3.52165 2.84515 2.5
    endloop
  endfacet
  facet normal -0.941535 -0.336915 0
    outer loop
      vertex 2.84515 3.52165 2.5
      vertex 2.80382 3.63715 7.5
      vertex 2.80382 3.63715 2.5
    endloop
  endfacet
  facet normal -0.941535 -0.336915 0
    outer loop
      vertex 2.80382 3.63715 7.5
      vertex 2.84515 3.52165 2.5
      vertex 2.84515 3.52165 7.5
    endloop
  endfacet
  facet normal -0.740979 0.671528 0
    outer loop
      vertex 3.03374 51.793 2.5
      vertex 3.11612 51.8839 7.5
      vertex 3.11612 51.8839 2.5
    endloop
  endfacet
  facet normal -0.740979 0.671528 0
    outer loop
      vertex 3.11612 51.8839 7.5
      vertex 3.03374 51.793 2.5
      vertex 3.03374 51.793 7.5
    endloop
  endfacet
  facet normal 0 0 1
    outer loop
      vertex 122.25 51 7.5
      vertex 120.648 50.199 7.5
      vertex 120.65 50.15 7.5
    endloop
  endfacet
  facet normal 0 0 1
    outer loop
      vertex 121.123 52.244 7.5
      vertex 120.64 50.2476 7.5
      vertex 120.648 50.199 7.5
    endloop
  endfacet
  facet normal 0 0 1
    outer loop
      vertex 121.123 52.244 7.5
      vertex 120.628 50.2951 7.5
      vertex 120.64 50.2476 7.5
    endloop
  endfacet
  facet normal 0 0 1
    outer loop
      vertex 121.123 52.244 7.5
      vertex 120.612 50.3413 7.5
      vertex 120.628 50.2951 7.5
    endloop
  endfacet
  facet normal 0 0 1
    outer loop
      vertex 121.123 52.244 7.5
      vertex 120.591 50.3857 7.5
      vertex 120.612 50.3413 7.5
    endloop
  endfacet
  facet normal 0 0 1
    outer loop
      vertex 121.123 52.244 7.5
      vertex 120.566 50.4278 7.5
      vertex 120.591 50.3857 7.5
    endloop
  endfacet
  facet normal 0 0 1
    outer loop
      vertex 121.123 52.244 7.5
      vertex 120.536 50.4672 7.5
      vertex 120.566 50.4278 7.5
    endloop
  endfacet
  facet normal 0 0 1
    outer loop
      vertex 121.123 52.244 7.5
      vertex 120.504 50.5035 7.5
      vertex 120.536 50.4672 7.5
    endloop
  endfacet
  facet normal 0 0 1
    outer loop
      vertex 121.123 52.244 7.5
      vertex 120.467 50.5365 7.5
      vertex 120.504 50.5035 7.5
    endloop
  endfacet
  facet normal 0 0 1
    outer loop
      vertex 121 52.25 7.5
      vertex 120.428 50.5657 7.5
      vertex 120.467 50.5365 7.5
    endloop
  endfacet
  facet normal 0 0 1
    outer loop
      vertex 121 52.25 7.5
      vertex 120.386 50.591 7.5
      vertex 120.428 50.5657 7.5
    endloop
  endfacet
  facet normal 0 0 1
    outer loop
      vertex 121 52.25 7.5
      vertex 120.341 50.6119 7.5
      vertex 120.386 50.591 7.5
    endloop
  endfacet
  facet normal 0 0 1
    outer loop
      vertex 121 52.25 7.5
      vertex 120.295 50.6285 7.5
      vertex 120.341 50.6119 7.5
    endloop
  endfacet
  facet normal 0 0 1
    outer loop
      vertex 121 52.25 7.5
      vertex 120.248 50.6404 7.5
      vertex 120.295 50.6285 7.5
    endloop
  endfacet
  facet normal 0 0 1
    outer loop
      vertex 121 52.25 7.5
      vertex 120.199 50.6476 7.5
      vertex 120.248 50.6404 7.5
    endloop
  endfacet
  facet normal 0 0 1
    outer loop
      vertex 121 52.25 7.5
      vertex 120.15 50.65 7.5
      vertex 120.199 50.6476 7.5
    endloop
  endfacet
  facet normal -0 0 1
    outer loop
      vertex 89.25 52.25 7.5
      vertex 120.15 50.65 7.5
      vertex 121 52.25 7.5
    endloop
  endfacet
  facet normal 0 0 1
    outer loop
      vertex 120.15 50.65 7.5
      vertex 89.25 52.25 7.5
      vertex 89.25 50.65 7.5
    endloop
  endfacet
  facet normal 0 0 1
    outer loop
      vertex 120.648 50.199 7.5
      vertex 122.25 51 7.5
      vertex 122.244 51.1225 7.5
    endloop
  endfacet
  facet normal 0 0 1
    outer loop
      vertex 120.648 50.199 7.5
      vertex 122.244 51.1225 7.5
      vertex 122.226 51.2439 7.5
    endloop
  endfacet
  facet normal 0 0 1
    outer loop
      vertex 120.648 50.199 7.5
      vertex 122.226 51.2439 7.5
      vertex 122.196 51.3629 7.5
    endloop
  endfacet
  facet normal 0 0 1
    outer loop
      vertex 120.648 50.199 7.5
      vertex 122.196 51.3629 7.5
      vertex 122.155 51.4783 7.5
    endloop
  endfacet
  facet normal 0 0 1
    outer loop
      vertex 120.648 50.199 7.5
      vertex 122.155 51.4783 7.5
      vertex 122.102 51.5892 7.5
    endloop
  endfacet
  facet normal 0 0 1
    outer loop
      vertex 120.648 50.199 7.5
      vertex 122.102 51.5892 7.5
      vertex 122.039 51.6945 7.5
    endloop
  endfacet
  facet normal 0 0 1
    outer loop
      vertex 120.648 50.199 7.5
      vertex 122.039 51.6945 7.5
      vertex 121.966 51.793 7.5
    endloop
  endfacet
  facet normal 0 0 1
    outer loop
      vertex 120.648 50.199 7.5
      vertex 121.966 51.793 7.5
      vertex 121.884 51.8839 7.5
    endloop
  endfacet
  facet normal 0 0 1
    outer loop
      vertex 120.648 50.199 7.5
      vertex 121.884 51.8839 7.5
      vertex 121.793 51.9663 7.5
    endloop
  endfacet
  facet normal 0 0 1
    outer loop
      vertex 120.648 50.199 7.5
      vertex 121.793 51.9663 7.5
      vertex 121.694 52.0393 7.5
    endloop
  endfacet
  facet normal 0 0 1
    outer loop
      vertex 120.648 50.199 7.5
      vertex 121.694 52.0393 7.5
      vertex 121.589 52.1024 7.5
    endloop
  endfacet
  facet normal 0 0 1
    outer loop
      vertex 120.648 50.199 7.5
      vertex 121.589 52.1024 7.5
      vertex 121.478 52.1548 7.5
    endloop
  endfacet
  facet normal 0 0 1
    outer loop
      vertex 120.648 50.199 7.5
      vertex 121.478 52.1548 7.5
      vertex 121.363 52.1962 7.5
    endloop
  endfacet
  facet normal 0 0 1
    outer loop
      vertex 120.648 50.199 7.5
      vertex 121.363 52.1962 7.5
      vertex 121.244 52.226 7.5
    endloop
  endfacet
  facet normal 0 0 1
    outer loop
      vertex 120.648 50.199 7.5
      vertex 121.244 52.226 7.5
      vertex 121.123 52.244 7.5
    endloop
  endfacet
  facet normal 0 0 1
    outer loop
      vertex 120.467 50.5365 7.5
      vertex 121.123 52.244 7.5
      vertex 121 52.25 7.5
    endloop
  endfacet
  facet normal 0 0 1
    outer loop
      vertex 122.25 51 7.5
      vertex 120.65 50.15 7.5
      vertex 122.25 32.5 7.5
    endloop
  endfacet
  facet normal 0 0 1
    outer loop
      vertex 122.25 32.5 7.5
      vertex 120.65 50.15 7.5
      vertex 120.65 32.5 7.5
    endloop
  endfacet
  facet normal 0 0 1
    outer loop
      vertex 81.25 52.25 7.5
      vertex 4.85 50.65 7.5
      vertex 81.25 50.65 7.5
    endloop
  endfacet
  facet normal -0 0 1
    outer loop
      vertex 3.03374 51.793 7.5
      vertex 4.49645 50.5035 7.5
      vertex 3.11612 51.8839 7.5
    endloop
  endfacet
  facet normal -0 0 1
    outer loop
      vertex 3.11612 51.8839 7.5
      vertex 4.49645 50.5035 7.5
      vertex 3.20702 51.9663 7.5
    endloop
  endfacet
  facet normal -0 0 1
    outer loop
      vertex 3.20702 51.9663 7.5
      vertex 4.49645 50.5035 7.5
      vertex 3.30554 52.0393 7.5
    endloop
  endfacet
  facet normal -0 0 1
    outer loop
      vertex 3.30554 52.0393 7.5
      vertex 4.49645 50.5035 7.5
      vertex 3.41075 52.1024 7.5
    endloop
  endfacet
  facet normal 0 0 1
    outer loop
      vertex 4.5328 50.5365 7.5
      vertex 3.41075 52.1024 7.5
      vertex 4.49645 50.5035 7.5
    endloop
  endfacet
  facet normal -0 0 1
    outer loop
      vertex 3.41075 52.1024 7.5
      vertex 4.5328 50.5365 7.5
      vertex 3.52165 52.1548 7.5
    endloop
  endfacet
  facet normal -0 0 1
    outer loop
      vertex 3.52165 52.1548 7.5
      vertex 4.5328 50.5365 7.5
      vertex 3.63715 52.1962 7.5
    endloop
  endfacet
  facet normal -0 0 1
    outer loop
      vertex 3.63715 52.1962 7.5
      vertex 4.5328 50.5365 7.5
      vertex 3.75613 52.226 7.5
    endloop
  endfacet
  facet normal -0 0 1
    outer loop
      vertex 3.75613 52.226 7.5
      vertex 4.5328 50.5365 7.5
      vertex 3.87747 52.244 7.5
    endloop
  endfacet
  facet normal -0 0 1
    outer loop
      vertex 3.87747 52.244 7.5
      vertex 4.5328 50.5365 7.5
      vertex 4 52.25 7.5
    endloop
  endfacet
  facet normal 0 0 1
    outer loop
      vertex 4.57221 50.5657 7.5
      vertex 4 52.25 7.5
      vertex 4.5328 50.5365 7.5
    endloop
  endfacet
  facet normal 0 0 1
    outer loop
      vertex 4.6143 50.591 7.5
      vertex 4 52.25 7.5
      vertex 4.57221 50.5657 7.5
    endloop
  endfacet
  facet normal 0 0 1
    outer loop
      vertex 4.65865 50.6119 7.5
      vertex 4 52.25 7.5
      vertex 4.6143 50.591 7.5
    endloop
  endfacet
  facet normal 0 0 1
    outer loop
      vertex 4.70486 50.6285 7.5
      vertex 4 52.25 7.5
      vertex 4.65865 50.6119 7.5
    endloop
  endfacet
  facet normal 0 0 1
    outer loop
      vertex 4.75245 50.6404 7.5
      vertex 4 52.25 7.5
      vertex 4.70486 50.6285 7.5
    endloop
  endfacet
  facet normal 0 0 1
    outer loop
      vertex 4.80099 50.6476 7.5
      vertex 4 52.25 7.5
      vertex 4.75245 50.6404 7.5
    endloop
  endfacet
  facet normal 0 0 1
    outer loop
      vertex 4.85 50.65 7.5
      vertex 4 52.25 7.5
      vertex 4.80099 50.6476 7.5
    endloop
  endfacet
  facet normal -0 0 1
    outer loop
      vertex 4 52.25 7.5
      vertex 4.85 50.65 7.5
      vertex 81.25 52.25 7.5
    endloop
  endfacet
  facet normal -0 0 1
    outer loop
      vertex 120.65 4.85001 7.5
      vertex 122.25 4 7.5
      vertex 122.25 22.5 7.5
    endloop
  endfacet
  facet normal -0 0 1
    outer loop
      vertex 120.648 4.801 7.5
      vertex 122.25 4 7.5
      vertex 120.65 4.85001 7.5
    endloop
  endfacet
  facet normal -0 0 1
    outer loop
      vertex 120.64 4.75246 7.5
      vertex 122.25 4 7.5
      vertex 120.648 4.801 7.5
    endloop
  endfacet
  facet normal -0 0 1
    outer loop
      vertex 120.628 4.70487 7.5
      vertex 122.25 4 7.5
      vertex 120.64 4.75246 7.5
    endloop
  endfacet
  facet normal -0 0 1
    outer loop
      vertex 120.612 4.65867 7.5
      vertex 122.25 4 7.5
      vertex 120.628 4.70487 7.5
    endloop
  endfacet
  facet normal -0 0 1
    outer loop
      vertex 120.591 4.61431 7.5
      vertex 122.25 4 7.5
      vertex 120.612 4.65867 7.5
    endloop
  endfacet
  facet normal -0 0 1
    outer loop
      vertex 120.566 4.57223 7.5
      vertex 122.25 4 7.5
      vertex 120.591 4.61431 7.5
    endloop
  endfacet
  facet normal 0 0 1
    outer loop
      vertex 122.25 4 7.5
      vertex 120.566 4.57223 7.5
      vertex 122.244 3.87747 7.5
    endloop
  endfacet
  facet normal -0 0 1
    outer loop
      vertex 120.536 4.53281 7.5
      vertex 122.244 3.87747 7.5
      vertex 120.566 4.57223 7.5
    endloop
  endfacet
  facet normal 0 0 1
    outer loop
      vertex 122.244 3.87747 7.5
      vertex 120.536 4.53281 7.5
      vertex 122.226 3.75613 7.5
    endloop
  endfacet
  facet normal 0 0 1
    outer loop
      vertex 122.226 3.75613 7.5
      vertex 120.536 4.53281 7.5
      vertex 122.196 3.63715 7.5
    endloop
  endfacet
  facet normal 0 0 1
    outer loop
      vertex 122.196 3.63715 7.5
      vertex 120.536 4.53281 7.5
      vertex 122.155 3.52165 7.5
    endloop
  endfacet
  facet normal 0 0 1
    outer loop
      vertex 122.155 3.52165 7.5
      vertex 120.536 4.53281 7.5
      vertex 122.102 3.41075 7.5
    endloop
  endfacet
  facet normal 0 0 1
    outer loop
      vertex 122.102 3.41075 7.5
      vertex 120.536 4.53281 7.5
      vertex 122.039 3.30554 7.5
    endloop
  endfacet
  facet normal -0 0 1
    outer loop
      vertex 120.504 4.49647 7.5
      vertex 122.039 3.30554 7.5
      vertex 120.536 4.53281 7.5
    endloop
  endfacet
  facet normal 0 0 1
    outer loop
      vertex 122.039 3.30554 7.5
      vertex 120.504 4.49647 7.5
      vertex 121.966 3.20702 7.5
    endloop
  endfacet
  facet normal 0 0 1
    outer loop
      vertex 120.65 4.85001 7.5
      vertex 122.25 22.5 7.5
      vertex 120.65 22.5 7.5
    endloop
  endfacet
  facet normal 0 0 1
    outer loop
      vertex 121.966 3.20702 7.5
      vertex 120.504 4.49647 7.5
      vertex 121.884 3.11612 7.5
    endloop
  endfacet
  facet normal 0 0 1
    outer loop
      vertex 121.884 3.11612 7.5
      vertex 120.504 4.49647 7.5
      vertex 121.793 3.03374 7.5
    endloop
  endfacet
  facet normal 0 0 1
    outer loop
      vertex 121.793 3.03374 7.5
      vertex 120.504 4.49647 7.5
      vertex 121.694 2.96066 7.5
    endloop
  endfacet
  facet normal 0 0 1
    outer loop
      vertex 121.694 2.96066 7.5
      vertex 120.504 4.49647 7.5
      vertex 121.589 2.8976 7.5
    endloop
  endfacet
  facet normal -0 0 1
    outer loop
      vertex 120.467 4.46351 7.5
      vertex 121.589 2.8976 7.5
      vertex 120.504 4.49647 7.5
    endloop
  endfacet
  facet normal 0 0 1
    outer loop
      vertex 121.589 2.8976 7.5
      vertex 120.467 4.46351 7.5
      vertex 121.478 2.84515 7.5
    endloop
  endfacet
  facet normal 0 0 1
    outer loop
      vertex 121.478 2.84515 7.5
      vertex 120.467 4.46351 7.5
      vertex 121.363 2.80382 7.5
    endloop
  endfacet
  facet normal 0 0 1
    outer loop
      vertex 121.363 2.80382 7.5
      vertex 120.467 4.46351 7.5
      vertex 121.244 2.77402 7.5
    endloop
  endfacet
  facet normal 0 0 1
    outer loop
      vertex 121.244 2.77402 7.5
      vertex 120.467 4.46351 7.5
      vertex 121.123 2.75601 7.5
    endloop
  endfacet
  facet normal 0 0 1
    outer loop
      vertex 121.123 2.75601 7.5
      vertex 120.467 4.46351 7.5
      vertex 121 2.75 7.5
    endloop
  endfacet
  facet normal -0 0 1
    outer loop
      vertex 120.428 4.43427 7.5
      vertex 121 2.75 7.5
      vertex 120.467 4.46351 7.5
    endloop
  endfacet
  facet normal -0 0 1
    outer loop
      vertex 120.386 4.40905 7.5
      vertex 121 2.75 7.5
      vertex 120.428 4.43427 7.5
    endloop
  endfacet
  facet normal -0 0 1
    outer loop
      vertex 120.341 4.38807 7.5
      vertex 121 2.75 7.5
      vertex 120.386 4.40905 7.5
    endloop
  endfacet
  facet normal -0 0 1
    outer loop
      vertex 120.295 4.37154 7.5
      vertex 121 2.75 7.5
      vertex 120.341 4.38807 7.5
    endloop
  endfacet
  facet normal -0 0 1
    outer loop
      vertex 120.248 4.35963 7.5
      vertex 121 2.75 7.5
      vertex 120.295 4.37154 7.5
    endloop
  endfacet
  facet normal -0 0 1
    outer loop
      vertex 120.199 4.35242 7.5
      vertex 121 2.75 7.5
      vertex 120.248 4.35963 7.5
    endloop
  endfacet
  facet normal -0 0 1
    outer loop
      vertex 120.15 4.35001 7.5
      vertex 121 2.75 7.5
      vertex 120.199 4.35242 7.5
    endloop
  endfacet
  facet normal -0 0 1
    outer loop
      vertex 4.85 4.35001 7.5
      vertex 121 2.75 7.5
      vertex 120.15 4.35001 7.5
    endloop
  endfacet
  facet normal 0 0 1
    outer loop
      vertex 4.85 4.35001 7.5
      vertex 4 2.75 7.5
      vertex 121 2.75 7.5
    endloop
  endfacet
  facet normal 0 0 1
    outer loop
      vertex 4.80099 4.35242 7.5
      vertex 4 2.75 7.5
      vertex 4.85 4.35001 7.5
    endloop
  endfacet
  facet normal 0 0 1
    outer loop
      vertex 4.75245 4.35963 7.5
      vertex 4 2.75 7.5
      vertex 4.80099 4.35242 7.5
    endloop
  endfacet
  facet normal 0 0 1
    outer loop
      vertex 4.70486 4.37154 7.5
      vertex 4 2.75 7.5
      vertex 4.75245 4.35963 7.5
    endloop
  endfacet
  facet normal 0 0 1
    outer loop
      vertex 4.65865 4.38807 7.5
      vertex 4 2.75 7.5
      vertex 4.70486 4.37154 7.5
    endloop
  endfacet
  facet normal 0 0 1
    outer loop
      vertex 4.6143 4.40905 7.5
      vertex 4 2.75 7.5
      vertex 4.65865 4.38807 7.5
    endloop
  endfacet
  facet normal 0 0 1
    outer loop
      vertex 4.57221 4.43427 7.5
      vertex 4 2.75 7.5
      vertex 4.6143 4.40905 7.5
    endloop
  endfacet
  facet normal 0 0 1
    outer loop
      vertex 4.5328 4.46351 7.5
      vertex 4 2.75 7.5
      vertex 4.57221 4.43427 7.5
    endloop
  endfacet
  facet normal 0 0 1
    outer loop
      vertex 3.41075 2.8976 7.5
      vertex 4.5328 4.46351 7.5
      vertex 4.49645 4.49647 7.5
    endloop
  endfacet
  facet normal 0 0 1
    outer loop
      vertex 2.96066 3.30554 7.5
      vertex 4.49645 4.49647 7.5
      vertex 4.46349 4.53281 7.5
    endloop
  endfacet
  facet normal 0 0 1
    outer loop
      vertex 2.75601 3.87747 7.5
      vertex 4.46349 4.53281 7.5
      vertex 4.43426 4.57223 7.5
    endloop
  endfacet
  facet normal 0 0 1
    outer loop
      vertex 2.75 4 7.5
      vertex 4.43426 4.57223 7.5
      vertex 4.40904 4.61431 7.5
    endloop
  endfacet
  facet normal 0 0 1
    outer loop
      vertex 2.75 4 7.5
      vertex 4.40904 4.61431 7.5
      vertex 4.38805 4.65867 7.5
    endloop
  endfacet
  facet normal 0 0 1
    outer loop
      vertex 2.75 4 7.5
      vertex 4.38805 4.65867 7.5
      vertex 4.37153 4.70487 7.5
    endloop
  endfacet
  facet normal 0 0 1
    outer loop
      vertex 2.75 4 7.5
      vertex 4.37153 4.70487 7.5
      vertex 4.35961 4.75246 7.5
    endloop
  endfacet
  facet normal 0 0 1
    outer loop
      vertex 2.75 4 7.5
      vertex 4.35961 4.75246 7.5
      vertex 4.35241 4.801 7.5
    endloop
  endfacet
  facet normal 0 0 1
    outer loop
      vertex 2.75 4 7.5
      vertex 4.35241 4.801 7.5
      vertex 4.35 4.85001 7.5
    endloop
  endfacet
  facet normal 0 0 1
    outer loop
      vertex 4.35 50.15 7.5
      vertex 2.75 51 7.5
      vertex 4.35 4.85001 7.5
    endloop
  endfacet
  facet normal -0 0 1
    outer loop
      vertex 2.96066 51.6945 7.5
      vertex 4.49645 50.5035 7.5
      vertex 3.03374 51.793 7.5
    endloop
  endfacet
  facet normal 0 0 1
    outer loop
      vertex 2.75 4 7.5
      vertex 4.35 4.85001 7.5
      vertex 2.75 51 7.5
    endloop
  endfacet
  facet normal 0 0 1
    outer loop
      vertex 4.49645 50.5035 7.5
      vertex 2.96066 51.6945 7.5
      vertex 4.46349 50.4672 7.5
    endloop
  endfacet
  facet normal 0 0 1
    outer loop
      vertex 4.43426 4.57223 7.5
      vertex 2.75 4 7.5
      vertex 2.75601 3.87747 7.5
    endloop
  endfacet
  facet normal -0 0 1
    outer loop
      vertex 2.8976 51.5892 7.5
      vertex 4.46349 50.4672 7.5
      vertex 2.96066 51.6945 7.5
    endloop
  endfacet
  facet normal 0 0 1
    outer loop
      vertex 4.5328 4.46351 7.5
      vertex 3.87747 2.75601 7.5
      vertex 4 2.75 7.5
    endloop
  endfacet
  facet normal -0 0 1
    outer loop
      vertex 2.84515 51.4783 7.5
      vertex 4.46349 50.4672 7.5
      vertex 2.8976 51.5892 7.5
    endloop
  endfacet
  facet normal 0 0 1
    outer loop
      vertex 4.5328 4.46351 7.5
      vertex 3.75613 2.77402 7.5
      vertex 3.87747 2.75601 7.5
    endloop
  endfacet
  facet normal -0 0 1
    outer loop
      vertex 2.80382 51.3629 7.5
      vertex 4.46349 50.4672 7.5
      vertex 2.84515 51.4783 7.5
    endloop
  endfacet
  facet normal 0 0 1
    outer loop
      vertex 4.5328 4.46351 7.5
      vertex 3.63715 2.80382 7.5
      vertex 3.75613 2.77402 7.5
    endloop
  endfacet
  facet normal -0 0 1
    outer loop
      vertex 2.77402 51.2439 7.5
      vertex 4.46349 50.4672 7.5
      vertex 2.80382 51.3629 7.5
    endloop
  endfacet
  facet normal 0 0 1
    outer loop
      vertex 4.5328 4.46351 7.5
      vertex 3.52165 2.84515 7.5
      vertex 3.63715 2.80382 7.5
    endloop
  endfacet
  facet normal -0 0 1
    outer loop
      vertex 2.75601 51.1225 7.5
      vertex 4.46349 50.4672 7.5
      vertex 2.77402 51.2439 7.5
    endloop
  endfacet
  facet normal 0 0 1
    outer loop
      vertex 4.5328 4.46351 7.5
      vertex 3.41075 2.8976 7.5
      vertex 3.52165 2.84515 7.5
    endloop
  endfacet
  facet normal 0 0 1
    outer loop
      vertex 4.46349 50.4672 7.5
      vertex 2.75601 51.1225 7.5
      vertex 4.43426 50.4278 7.5
    endloop
  endfacet
  facet normal 0 0 1
    outer loop
      vertex 4.49645 4.49647 7.5
      vertex 3.30554 2.96066 7.5
      vertex 3.41075 2.8976 7.5
    endloop
  endfacet
  facet normal -0 0 1
    outer loop
      vertex 2.75 51 7.5
      vertex 4.43426 50.4278 7.5
      vertex 2.75601 51.1225 7.5
    endloop
  endfacet
  facet normal 0 0 1
    outer loop
      vertex 4.49645 4.49647 7.5
      vertex 3.20702 3.03374 7.5
      vertex 3.30554 2.96066 7.5
    endloop
  endfacet
  facet normal 0 0 1
    outer loop
      vertex 4.43426 50.4278 7.5
      vertex 2.75 51 7.5
      vertex 4.40904 50.3857 7.5
    endloop
  endfacet
  facet normal 0 0 1
    outer loop
      vertex 4.49645 4.49647 7.5
      vertex 3.11612 3.11612 7.5
      vertex 3.20702 3.03374 7.5
    endloop
  endfacet
  facet normal 0 0 1
    outer loop
      vertex 4.40904 50.3857 7.5
      vertex 2.75 51 7.5
      vertex 4.38805 50.3413 7.5
    endloop
  endfacet
  facet normal 0 0 1
    outer loop
      vertex 4.49645 4.49647 7.5
      vertex 3.03374 3.20702 7.5
      vertex 3.11612 3.11612 7.5
    endloop
  endfacet
  facet normal 0 0 1
    outer loop
      vertex 4.38805 50.3413 7.5
      vertex 2.75 51 7.5
      vertex 4.37153 50.2951 7.5
    endloop
  endfacet
  facet normal 0 0 1
    outer loop
      vertex 4.49645 4.49647 7.5
      vertex 2.96066 3.30554 7.5
      vertex 3.03374 3.20702 7.5
    endloop
  endfacet
  facet normal 0 0 1
    outer loop
      vertex 4.37153 50.2951 7.5
      vertex 2.75 51 7.5
      vertex 4.35961 50.2476 7.5
    endloop
  endfacet
  facet normal 0 0 1
    outer loop
      vertex 4.46349 4.53281 7.5
      vertex 2.8976 3.41075 7.5
      vertex 2.96066 3.30554 7.5
    endloop
  endfacet
  facet normal 0 0 1
    outer loop
      vertex 4.35961 50.2476 7.5
      vertex 2.75 51 7.5
      vertex 4.35241 50.199 7.5
    endloop
  endfacet
  facet normal 0 0 1
    outer loop
      vertex 4.46349 4.53281 7.5
      vertex 2.84515 3.52165 7.5
      vertex 2.8976 3.41075 7.5
    endloop
  endfacet
  facet normal 0 0 1
    outer loop
      vertex 4.35241 50.199 7.5
      vertex 2.75 51 7.5
      vertex 4.35 50.15 7.5
    endloop
  endfacet
  facet normal 0 0 1
    outer loop
      vertex 4.46349 4.53281 7.5
      vertex 2.80382 3.63715 7.5
      vertex 2.84515 3.52165 7.5
    endloop
  endfacet
  facet normal 0 0 1
    outer loop
      vertex 4.46349 4.53281 7.5
      vertex 2.77402 3.75613 7.5
      vertex 2.80382 3.63715 7.5
    endloop
  endfacet
  facet normal 0 0 1
    outer loop
      vertex 4.46349 4.53281 7.5
      vertex 2.75601 3.87747 7.5
      vertex 2.77402 3.75613 7.5
    endloop
  endfacet
  facet normal 0.671122 -0.741347 0
    outer loop
      vertex 121.793 3.03374 2.5
      vertex 121.884 3.11612 7.5
      vertex 121.793 3.03374 7.5
    endloop
  endfacet
  facet normal 0.671122 -0.741347 0
    outer loop
      vertex 121.884 3.11612 7.5
      vertex 121.793 3.03374 2.5
      vertex 121.884 3.11612 2.5
    endloop
  endfacet
  facet normal 0.998803 -0.048909 0
    outer loop
      vertex 122.244 3.87747 7.5
      vertex 122.25 4 2.5
      vertex 122.25 4 7.5
    endloop
  endfacet
  facet normal 0.998803 -0.048909 0
    outer loop
      vertex 122.25 4 2.5
      vertex 122.244 3.87747 7.5
      vertex 122.244 3.87747 2.5
    endloop
  endfacet
  facet normal 0.942295 0.334784 0
    outer loop
      vertex 122.196 51.3629 7.5
      vertex 122.155 51.4783 2.5
      vertex 122.155 51.4783 7.5
    endloop
  endfacet
  facet normal 0.942295 0.334784 0
    outer loop
      vertex 122.155 51.4783 2.5
      vertex 122.196 51.3629 7.5
      vertex 122.196 51.3629 2.5
    endloop
  endfacet
  facet normal 0.998803 0.0489209 0
    outer loop
      vertex 122.25 51 7.5
      vertex 122.244 51.1225 2.5
      vertex 122.244 51.1225 7.5
    endloop
  endfacet
  facet normal 0.998803 0.0489209 0
    outer loop
      vertex 122.244 51.1225 2.5
      vertex 122.25 51 7.5
      vertex 122.25 51 2.5
    endloop
  endfacet
  facet normal 0.338719 0.940887 -0
    outer loop
      vertex 121.478 52.1548 2.5
      vertex 121.363 52.1962 7.5
      vertex 121.478 52.1548 7.5
    endloop
  endfacet
  facet normal 0.338719 0.940887 0
    outer loop
      vertex 121.363 52.1962 7.5
      vertex 121.478 52.1548 2.5
      vertex 121.363 52.1962 2.5
    endloop
  endfacet
  facet normal 0.426895 0.904301 -0
    outer loop
      vertex 121.589 52.1024 2.5
      vertex 121.478 52.1548 7.5
      vertex 121.589 52.1024 7.5
    endloop
  endfacet
  facet normal 0.426895 0.904301 0
    outer loop
      vertex 121.478 52.1548 7.5
      vertex 121.589 52.1024 2.5
      vertex 121.478 52.1548 2.5
    endloop
  endfacet
  facet normal -0.85773 -0.5141 0
    outer loop
      vertex 2.96066 3.30554 2.5
      vertex 2.8976 3.41075 7.5
      vertex 2.8976 3.41075 2.5
    endloop
  endfacet
  facet normal -0.85773 -0.5141 0
    outer loop
      vertex 2.8976 3.41075 7.5
      vertex 2.96066 3.30554 2.5
      vertex 2.96066 3.30554 7.5
    endloop
  endfacet
  facet normal -0.595345 0.803471 0
    outer loop
      vertex 3.30554 52.0393 2.5
      vertex 3.20702 51.9663 7.5
      vertex 3.30554 52.0393 7.5
    endloop
  endfacet
  facet normal -0.595345 0.803471 0
    outer loop
      vertex 3.20702 51.9663 7.5
      vertex 3.30554 52.0393 2.5
      vertex 3.20702 51.9663 2.5
    endloop
  endfacet
  facet normal -0.671617 0.740898 0
    outer loop
      vertex 3.20702 51.9663 2.5
      vertex 3.11612 51.8839 7.5
      vertex 3.20702 51.9663 7.5
    endloop
  endfacet
  facet normal -0.671617 0.740898 0
    outer loop
      vertex 3.11612 51.8839 7.5
      vertex 3.20702 51.9663 2.5
      vertex 3.11612 51.8839 2.5
    endloop
  endfacet
  facet normal -0.941443 0.337173 0
    outer loop
      vertex 2.80382 51.3629 2.5
      vertex 2.84515 51.4783 7.5
      vertex 2.84515 51.4783 2.5
    endloop
  endfacet
  facet normal -0.941443 0.337173 0
    outer loop
      vertex 2.84515 51.4783 7.5
      vertex 2.80382 51.3629 2.5
      vertex 2.80382 51.3629 7.5
    endloop
  endfacet
  facet normal -0.803101 0.595844 0
    outer loop
      vertex 2.96066 51.6945 2.5
      vertex 3.03374 51.793 7.5
      vertex 3.03374 51.793 2.5
    endloop
  endfacet
  facet normal -0.803101 0.595844 0
    outer loop
      vertex 3.03374 51.793 7.5
      vertex 2.96066 51.6945 2.5
      vertex 2.96066 51.6945 7.5
    endloop
  endfacet
  facet normal 0.969652 -0.244491 0
    outer loop
      vertex 122.196 3.63715 7.5
      vertex 122.226 3.75613 2.5
      vertex 122.226 3.75613 7.5
    endloop
  endfacet
  facet normal 0.969652 -0.244491 0
    outer loop
      vertex 122.226 3.75613 2.5
      vertex 122.196 3.63715 7.5
      vertex 122.196 3.63715 2.5
    endloop
  endfacet
  facet normal 0.969661 0.244452 0
    outer loop
      vertex 122.226 51.2439 7.5
      vertex 122.196 51.3629 2.5
      vertex 122.196 51.3629 7.5
    endloop
  endfacet
  facet normal 0.969661 0.244452 0
    outer loop
      vertex 122.196 51.3629 2.5
      vertex 122.226 51.2439 7.5
      vertex 122.226 51.2439 2.5
    endloop
  endfacet
  facet normal 0.593476 0.804851 -0
    outer loop
      vertex 121.793 51.9663 2.5
      vertex 121.694 52.0393 7.5
      vertex 121.793 51.9663 7.5
    endloop
  endfacet
  facet normal 0.593476 0.804851 0
    outer loop
      vertex 121.694 52.0393 7.5
      vertex 121.793 51.9663 2.5
      vertex 121.694 52.0393 2.5
    endloop
  endfacet
  facet normal 0.742522 0.669822 0
    outer loop
      vertex 121.966 51.793 7.5
      vertex 121.884 51.8839 2.5
      vertex 121.884 51.8839 7.5
    endloop
  endfacet
  facet normal 0.742522 0.669822 0
    outer loop
      vertex 121.884 51.8839 2.5
      vertex 121.966 51.793 7.5
      vertex 121.966 51.793 2.5
    endloop
  endfacet
  facet normal -0.671528 -0.740979 0
    outer loop
      vertex 3.11612 3.11612 2.5
      vertex 3.20702 3.03374 7.5
      vertex 3.11612 3.11612 7.5
    endloop
  endfacet
  facet normal -0.671528 -0.740979 -0
    outer loop
      vertex 3.20702 3.03374 7.5
      vertex 3.11612 3.11612 2.5
      vertex 3.20702 3.03374 2.5
    endloop
  endfacet
  facet normal -0.595766 -0.803158 0
    outer loop
      vertex 3.20702 3.03374 2.5
      vertex 3.30554 2.96066 7.5
      vertex 3.20702 3.03374 7.5
    endloop
  endfacet
  facet normal -0.595766 -0.803158 -0
    outer loop
      vertex 3.30554 2.96066 7.5
      vertex 3.20702 3.03374 2.5
      vertex 3.30554 2.96066 2.5
    endloop
  endfacet
  facet normal -0.903995 -0.427543 0
    outer loop
      vertex 2.8976 3.41075 2.5
      vertex 2.84515 3.52165 7.5
      vertex 2.84515 3.52165 2.5
    endloop
  endfacet
  facet normal -0.903995 -0.427543 0
    outer loop
      vertex 2.84515 3.52165 7.5
      vertex 2.8976 3.41075 2.5
      vertex 2.8976 3.41075 7.5
    endloop
  endfacet
  facet normal -0.51434 0.857586 0
    outer loop
      vertex 3.41075 52.1024 2.5
      vertex 3.30554 52.0393 7.5
      vertex 3.41075 52.1024 7.5
    endloop
  endfacet
  facet normal -0.51434 0.857586 0
    outer loop
      vertex 3.30554 52.0393 7.5
      vertex 3.41075 52.1024 2.5
      vertex 3.30554 52.0393 2.5
    endloop
  endfacet
  facet normal -0.857924 0.513777 0
    outer loop
      vertex 2.8976 51.5892 2.5
      vertex 2.96066 51.6945 7.5
      vertex 2.96066 51.6945 2.5
    endloop
  endfacet
  facet normal -0.857924 0.513777 0
    outer loop
      vertex 2.96066 51.6945 7.5
      vertex 2.8976 51.5892 2.5
      vertex 2.8976 51.5892 7.5
    endloop
  endfacet
  facet normal 0.514856 -0.857277 0
    outer loop
      vertex 121.589 2.8976 2.5
      vertex 121.694 2.96066 7.5
      vertex 121.589 2.8976 7.5
    endloop
  endfacet
  facet normal 0.514856 -0.857277 0
    outer loop
      vertex 121.694 2.96066 7.5
      vertex 121.589 2.8976 2.5
      vertex 121.694 2.96066 2.5
    endloop
  endfacet
  facet normal 0.593897 -0.804541 0
    outer loop
      vertex 121.694 2.96066 2.5
      vertex 121.793 3.03374 7.5
      vertex 121.694 2.96066 7.5
    endloop
  endfacet
  facet normal 0.593897 -0.804541 0
    outer loop
      vertex 121.793 3.03374 7.5
      vertex 121.694 2.96066 2.5
      vertex 121.793 3.03374 2.5
    endloop
  endfacet
  facet normal 0.742522 -0.669822 0
    outer loop
      vertex 121.884 3.11612 7.5
      vertex 121.966 3.20702 2.5
      vertex 121.966 3.20702 7.5
    endloop
  endfacet
  facet normal 0.742522 -0.669822 0
    outer loop
      vertex 121.966 3.20702 2.5
      vertex 121.884 3.11612 7.5
      vertex 121.884 3.11612 2.5
    endloop
  endfacet
  facet normal 0.803471 -0.595345 0
    outer loop
      vertex 121.966 3.20702 7.5
      vertex 122.039 3.30554 2.5
      vertex 122.039 3.30554 7.5
    endloop
  endfacet
  facet normal 0.803471 -0.595345 0
    outer loop
      vertex 122.039 3.30554 2.5
      vertex 121.966 3.20702 7.5
      vertex 121.966 3.20702 2.5
    endloop
  endfacet
  facet normal 0.902258 -0.431196 0
    outer loop
      vertex 122.102 3.41075 7.5
      vertex 122.155 3.52165 2.5
      vertex 122.155 3.52165 7.5
    endloop
  endfacet
  facet normal 0.902258 -0.431196 0
    outer loop
      vertex 122.155 3.52165 2.5
      vertex 122.102 3.41075 7.5
      vertex 122.102 3.41075 2.5
    endloop
  endfacet
  facet normal 0.942386 -0.334527 0
    outer loop
      vertex 122.155 3.52165 7.5
      vertex 122.196 3.63715 2.5
      vertex 122.196 3.63715 7.5
    endloop
  endfacet
  facet normal 0.942386 -0.334527 0
    outer loop
      vertex 122.196 3.63715 2.5
      vertex 122.155 3.52165 7.5
      vertex 122.155 3.52165 2.5
    endloop
  endfacet
  facet normal 0.989175 -0.146738 0
    outer loop
      vertex 122.226 3.75613 7.5
      vertex 122.244 3.87747 2.5
      vertex 122.244 3.87747 7.5
    endloop
  endfacet
  facet normal 0.989175 -0.146738 0
    outer loop
      vertex 122.244 3.87747 2.5
      vertex 122.226 3.75613 7.5
      vertex 122.226 3.75613 2.5
    endloop
  endfacet
  facet normal 0.989186 0.146667 0
    outer loop
      vertex 122.244 51.1225 7.5
      vertex 122.226 51.2439 2.5
      vertex 122.226 51.2439 7.5
    endloop
  endfacet
  facet normal 0.989186 0.146667 0
    outer loop
      vertex 122.226 51.2439 2.5
      vertex 122.244 51.1225 7.5
      vertex 122.244 51.1225 2.5
    endloop
  endfacet
  facet normal 0.803413 0.595423 0
    outer loop
      vertex 122.039 51.6945 7.5
      vertex 121.966 51.793 2.5
      vertex 121.966 51.793 7.5
    endloop
  endfacet
  facet normal 0.803413 0.595423 0
    outer loop
      vertex 121.966 51.793 2.5
      vertex 122.039 51.6945 7.5
      vertex 122.039 51.6945 2.5
    endloop
  endfacet
  facet normal 0.671212 0.741266 -0
    outer loop
      vertex 121.884 51.8839 2.5
      vertex 121.793 51.9663 7.5
      vertex 121.884 51.8839 7.5
    endloop
  endfacet
  facet normal 0.671212 0.741266 0
    outer loop
      vertex 121.793 51.9663 7.5
      vertex 121.884 51.8839 2.5
      vertex 121.793 51.9663 2.5
    endloop
  endfacet
  facet normal -0.242958 -0.970037 0
    outer loop
      vertex 3.63715 2.80382 2.5
      vertex 3.75613 2.77402 7.5
      vertex 3.63715 2.80382 7.5
    endloop
  endfacet
  facet normal -0.242958 -0.970037 -0
    outer loop
      vertex 3.75613 2.77402 7.5
      vertex 3.63715 2.80382 2.5
      vertex 3.75613 2.77402 2.5
    endloop
  endfacet
  facet normal -0.146818 -0.989164 0
    outer loop
      vertex 3.75613 2.77402 2.5
      vertex 3.87747 2.75601 7.5
      vertex 3.75613 2.77402 7.5
    endloop
  endfacet
  facet normal -0.146818 -0.989164 -0
    outer loop
      vertex 3.87747 2.75601 7.5
      vertex 3.75613 2.77402 2.5
      vertex 3.87747 2.75601 2.5
    endloop
  endfacet
  facet normal -0.970047 0.242919 0
    outer loop
      vertex 2.77402 51.2439 2.5
      vertex 2.80382 51.3629 7.5
      vertex 2.80382 51.3629 2.5
    endloop
  endfacet
  facet normal -0.970047 0.242919 0
    outer loop
      vertex 2.80382 51.3629 7.5
      vertex 2.77402 51.2439 2.5
      vertex 2.77402 51.2439 7.5
    endloop
  endfacet
  facet normal -0.989174 0.146747 0
    outer loop
      vertex 2.75601 51.1225 2.5
      vertex 2.77402 51.2439 7.5
      vertex 2.77402 51.2439 2.5
    endloop
  endfacet
  facet normal -0.989174 0.146747 0
    outer loop
      vertex 2.77402 51.2439 7.5
      vertex 2.75601 51.1225 2.5
      vertex 2.75601 51.1225 7.5
    endloop
  endfacet
  facet normal -0.903995 0.427543 0
    outer loop
      vertex 2.84515 51.4783 2.5
      vertex 2.8976 51.5892 7.5
      vertex 2.8976 51.5892 2.5
    endloop
  endfacet
  facet normal -0.903995 0.427543 0
    outer loop
      vertex 2.8976 51.5892 7.5
      vertex 2.84515 51.4783 2.5
      vertex 2.84515 51.4783 7.5
    endloop
  endfacet
  facet normal 0.902258 0.431196 0
    outer loop
      vertex 122.155 51.4783 7.5
      vertex 122.102 51.5892 2.5
      vertex 122.102 51.5892 7.5
    endloop
  endfacet
  facet normal 0.902258 0.431196 0
    outer loop
      vertex 122.102 51.5892 2.5
      vertex 122.155 51.4783 7.5
      vertex 122.155 51.4783 2.5
    endloop
  endfacet
  facet normal 0.858139 0.513417 0
    outer loop
      vertex 122.102 51.5892 7.5
      vertex 122.039 51.6945 2.5
      vertex 122.039 51.6945 7.5
    endloop
  endfacet
  facet normal 0.858139 0.513417 0
    outer loop
      vertex 122.039 51.6945 2.5
      vertex 122.102 51.5892 7.5
      vertex 122.102 51.5892 2.5
    endloop
  endfacet
  facet normal -0.245446 -0.96941 0
    outer loop
      vertex 120.248 50.6404 2.5
      vertex 120.295 50.6285 7.5
      vertex 120.248 50.6404 7.5
    endloop
  endfacet
  facet normal -0.245446 -0.96941 -0
    outer loop
      vertex 120.295 50.6285 7.5
      vertex 120.248 50.6404 2.5
      vertex 120.295 50.6285 2.5
    endloop
  endfacet
  facet normal 0 1 -0
    outer loop
      vertex 120.15 4.35001 2.5
      vertex 4.85 4.35001 7.5
      vertex 120.15 4.35001 7.5
    endloop
  endfacet
  facet normal 0 1 0
    outer loop
      vertex 4.85 4.35001 7.5
      vertex 120.15 4.35001 2.5
      vertex 4.85 4.35001 2.5
    endloop
  endfacet
  facet normal -0.145378 -0.989376 0
    outer loop
      vertex 120.199 50.6476 2.5
      vertex 120.248 50.6404 7.5
      vertex 120.199 50.6476 7.5
    endloop
  endfacet
  facet normal -0.145378 -0.989376 -0
    outer loop
      vertex 120.248 50.6404 7.5
      vertex 120.199 50.6476 2.5
      vertex 120.248 50.6404 2.5
    endloop
  endfacet
  facet normal -0.665615 -0.746295 0
    outer loop
      vertex 120.467 50.5365 2.5
      vertex 120.504 50.5035 7.5
      vertex 120.467 50.5365 7.5
    endloop
  endfacet
  facet normal -0.665615 -0.746295 -0
    outer loop
      vertex 120.504 50.5035 7.5
      vertex 120.467 50.5365 2.5
      vertex 120.504 50.5035 2.5
    endloop
  endfacet
  facet normal -0.515995 -0.856592 0
    outer loop
      vertex 120.386 50.591 2.5
      vertex 120.428 50.5657 7.5
      vertex 120.386 50.591 7.5
    endloop
  endfacet
  facet normal -0.515995 -0.856592 -0
    outer loop
      vertex 120.428 50.5657 7.5
      vertex 120.386 50.591 2.5
      vertex 120.428 50.5657 2.5
    endloop
  endfacet
  facet normal -0.339443 -0.940626 0
    outer loop
      vertex 120.295 50.6285 2.5
      vertex 120.341 50.6119 7.5
      vertex 120.295 50.6285 7.5
    endloop
  endfacet
  facet normal -0.339443 -0.940626 -0
    outer loop
      vertex 120.341 50.6119 7.5
      vertex 120.295 50.6285 2.5
      vertex 120.341 50.6119 2.5
    endloop
  endfacet
  facet normal 0.338078 -0.941118 0
    outer loop
      vertex 4.65865 50.6119 2.5
      vertex 4.70486 50.6285 7.5
      vertex 4.65865 50.6119 7.5
    endloop
  endfacet
  facet normal 0.338078 -0.941118 0
    outer loop
      vertex 4.70486 50.6285 7.5
      vertex 4.65865 50.6119 2.5
      vertex 4.70486 50.6285 2.5
    endloop
  endfacet
  facet normal -0.599343 -0.800492 0
    outer loop
      vertex 120.428 50.5657 2.5
      vertex 120.467 50.5365 7.5
      vertex 120.428 50.5657 7.5
    endloop
  endfacet
  facet normal -0.599343 -0.800492 -0
    outer loop
      vertex 120.467 50.5365 7.5
      vertex 120.428 50.5657 2.5
      vertex 120.467 50.5365 2.5
    endloop
  endfacet
  facet normal 0 -1 0
    outer loop
      vertex 4.85 50.65 2.5
      vertex 81.25 50.65 7.5
      vertex 4.85 50.65 7.5
    endloop
  endfacet
  facet normal 0 -1 -0
    outer loop
      vertex 81.25 50.65 7.5
      vertex 4.85 50.65 2.5
      vertex 81.25 50.65 2.5
    endloop
  endfacet
  facet normal 0 -1 0
    outer loop
      vertex 89.25 50.65 2.5
      vertex 120.15 50.65 7.5
      vertex 89.25 50.65 7.5
    endloop
  endfacet
  facet normal 0 -1 -0
    outer loop
      vertex 120.15 50.65 7.5
      vertex 89.25 50.65 2.5
      vertex 120.15 50.65 2.5
    endloop
  endfacet
  facet normal 0.998793 -0.0491243 0
    outer loop
      vertex 4.35 50.15 7.5
      vertex 4.35241 50.199 2.5
      vertex 4.35241 50.199 7.5
    endloop
  endfacet
  facet normal 0.998793 -0.0491243 0
    outer loop
      vertex 4.35241 50.199 2.5
      vertex 4.35 50.15 7.5
      vertex 4.35 50.15 2.5
    endloop
  endfacet
  facet normal 0.80312 -0.595817 0
    outer loop
      vertex 4.43426 50.4278 7.5
      vertex 4.46349 50.4672 2.5
      vertex 4.46349 50.4672 7.5
    endloop
  endfacet
  facet normal 0.80312 -0.595817 0
    outer loop
      vertex 4.46349 50.4672 2.5
      vertex 4.43426 50.4278 7.5
      vertex 4.43426 50.4278 2.5
    endloop
  endfacet
  facet normal 0.242775 0.970083 -0
    outer loop
      vertex 4.75245 4.35963 2.5
      vertex 4.70486 4.37154 7.5
      vertex 4.75245 4.35963 7.5
    endloop
  endfacet
  facet normal 0.242775 0.970083 0
    outer loop
      vertex 4.70486 4.37154 7.5
      vertex 4.75245 4.35963 2.5
      vertex 4.70486 4.37154 2.5
    endloop
  endfacet
  facet normal -1 0 0
    outer loop
      vertex 120.65 32.5 2.5
      vertex 120.65 50.15 7.5
      vertex 120.65 50.15 2.5
    endloop
  endfacet
  facet normal -1 -0 0
    outer loop
      vertex 120.65 50.15 7.5
      vertex 120.65 32.5 2.5
      vertex 120.65 32.5 7.5
    endloop
  endfacet
  facet normal -1 0 0
    outer loop
      vertex 120.65 4.85001 2.5
      vertex 120.65 22.5 7.5
      vertex 120.65 22.5 2.5
    endloop
  endfacet
  facet normal -1 -0 0
    outer loop
      vertex 120.65 22.5 7.5
      vertex 120.65 4.85001 2.5
      vertex 120.65 4.85001 7.5
    endloop
  endfacet
  facet normal -0.42123 -0.906954 0
    outer loop
      vertex 120.341 50.6119 2.5
      vertex 120.386 50.591 7.5
      vertex 120.341 50.6119 7.5
    endloop
  endfacet
  facet normal -0.42123 -0.906954 -0
    outer loop
      vertex 120.386 50.591 7.5
      vertex 120.341 50.6119 2.5
      vertex 120.386 50.591 2.5
    endloop
  endfacet
  facet normal -0.0489209 -0.998803 0
    outer loop
      vertex 120.15 50.65 2.5
      vertex 120.199 50.6476 7.5
      vertex 120.15 50.65 7.5
    endloop
  endfacet
  facet normal -0.0489209 -0.998803 -0
    outer loop
      vertex 120.199 50.6476 7.5
      vertex 120.15 50.65 2.5
      vertex 120.199 50.6476 2.5
    endloop
  endfacet
  facet normal 0.146726 -0.989177 0
    outer loop
      vertex 4.75245 50.6404 2.5
      vertex 4.80099 50.6476 7.5
      vertex 4.75245 50.6404 7.5
    endloop
  endfacet
  facet normal 0.146726 -0.989177 0
    outer loop
      vertex 4.80099 50.6476 7.5
      vertex 4.75245 50.6404 2.5
      vertex 4.80099 50.6476 2.5
    endloop
  endfacet
  facet normal 0.048911 -0.998803 0
    outer loop
      vertex 4.80099 50.6476 2.5
      vertex 4.85 50.65 7.5
      vertex 4.80099 50.6476 7.5
    endloop
  endfacet
  facet normal 0.048911 -0.998803 0
    outer loop
      vertex 4.85 50.65 7.5
      vertex 4.80099 50.6476 2.5
      vertex 4.85 50.65 2.5
    endloop
  endfacet
  facet normal 1 -0 0
    outer loop
      vertex 4.35 4.85001 7.5
      vertex 4.35 50.15 2.5
      vertex 4.35 50.15 7.5
    endloop
  endfacet
  facet normal 1 0 0
    outer loop
      vertex 4.35 50.15 2.5
      vertex 4.35 4.85001 7.5
      vertex 4.35 4.85001 2.5
    endloop
  endfacet
  facet normal 0.595325 -0.803485 0
    outer loop
      vertex 4.5328 50.5365 2.5
      vertex 4.57221 50.5657 7.5
      vertex 4.5328 50.5365 7.5
    endloop
  endfacet
  facet normal 0.595325 -0.803485 0
    outer loop
      vertex 4.57221 50.5657 7.5
      vertex 4.5328 50.5365 2.5
      vertex 4.57221 50.5657 2.5
    endloop
  endfacet
  facet normal 0.427622 0.903958 -0
    outer loop
      vertex 4.65865 4.38807 2.5
      vertex 4.6143 4.40905 7.5
      vertex 4.65865 4.38807 7.5
    endloop
  endfacet
  facet normal 0.427622 0.903958 0
    outer loop
      vertex 4.6143 4.40905 7.5
      vertex 4.65865 4.38807 2.5
      vertex 4.6143 4.40905 2.5
    endloop
  endfacet
  facet normal 0.0491143 0.998793 -0
    outer loop
      vertex 4.85 4.35001 2.5
      vertex 4.80099 4.35242 7.5
      vertex 4.85 4.35001 7.5
    endloop
  endfacet
  facet normal 0.0491143 0.998793 0
    outer loop
      vertex 4.80099 4.35242 7.5
      vertex 4.85 4.35001 2.5
      vertex 4.80099 4.35242 2.5
    endloop
  endfacet
  facet normal 0.336814 0.941571 -0
    outer loop
      vertex 4.70486 4.37154 2.5
      vertex 4.65865 4.38807 7.5
      vertex 4.70486 4.37154 7.5
    endloop
  endfacet
  facet normal 0.336814 0.941571 0
    outer loop
      vertex 4.65865 4.38807 7.5
      vertex 4.70486 4.37154 2.5
      vertex 4.65865 4.38807 2.5
    endloop
  endfacet
  facet normal 0.242584 -0.970131 0
    outer loop
      vertex 4.70486 50.6285 2.5
      vertex 4.75245 50.6404 7.5
      vertex 4.70486 50.6285 7.5
    endloop
  endfacet
  facet normal 0.242584 -0.970131 0
    outer loop
      vertex 4.75245 50.6404 7.5
      vertex 4.70486 50.6285 2.5
      vertex 4.75245 50.6404 2.5
    endloop
  endfacet
  facet normal 0.998793 0.0491143 0
    outer loop
      vertex 4.35241 4.801 7.5
      vertex 4.35 4.85001 2.5
      vertex 4.35 4.85001 7.5
    endloop
  endfacet
  facet normal 0.998793 0.0491143 0
    outer loop
      vertex 4.35 4.85001 2.5
      vertex 4.35241 4.801 7.5
      vertex 4.35241 4.801 2.5
    endloop
  endfacet
  facet normal 0.941613 -0.336698 0
    outer loop
      vertex 4.37153 50.2951 7.5
      vertex 4.38805 50.3413 2.5
      vertex 4.38805 50.3413 7.5
    endloop
  endfacet
  facet normal 0.941613 -0.336698 0
    outer loop
      vertex 4.38805 50.3413 2.5
      vertex 4.37153 50.2951 7.5
      vertex 4.37153 50.2951 2.5
    endloop
  endfacet
  facet normal 0.857852 -0.513896 0
    outer loop
      vertex 4.40904 50.3857 7.5
      vertex 4.43426 50.4278 2.5
      vertex 4.43426 50.4278 7.5
    endloop
  endfacet
  facet normal 0.857852 -0.513896 0
    outer loop
      vertex 4.43426 50.4278 2.5
      vertex 4.40904 50.3857 7.5
      vertex 4.40904 50.3857 2.5
    endloop
  endfacet
  facet normal 0.515184 -0.857079 0
    outer loop
      vertex 4.57221 50.5657 2.5
      vertex 4.6143 50.591 7.5
      vertex 4.57221 50.5657 7.5
    endloop
  endfacet
  facet normal 0.515184 -0.857079 0
    outer loop
      vertex 4.6143 50.591 7.5
      vertex 4.57221 50.5657 2.5
      vertex 4.6143 50.591 2.5
    endloop
  endfacet
  facet normal 0.146925 0.989148 -0
    outer loop
      vertex 4.80099 4.35242 2.5
      vertex 4.75245 4.35963 7.5
      vertex 4.80099 4.35242 7.5
    endloop
  endfacet
  facet normal 0.146925 0.989148 0
    outer loop
      vertex 4.75245 4.35963 7.5
      vertex 4.80099 4.35242 2.5
      vertex 4.75245 4.35963 2.5
    endloop
  endfacet
  facet normal -0.665165 0.746696 0
    outer loop
      vertex 120.504 4.49647 2.5
      vertex 120.467 4.46351 7.5
      vertex 120.504 4.49647 7.5
    endloop
  endfacet
  facet normal -0.665165 0.746696 0
    outer loop
      vertex 120.467 4.46351 7.5
      vertex 120.504 4.49647 2.5
      vertex 120.467 4.46351 2.5
    endloop
  endfacet
  facet normal 0.803265 0.595622 0
    outer loop
      vertex 4.46349 4.53281 7.5
      vertex 4.43426 4.57223 2.5
      vertex 4.43426 4.57223 7.5
    endloop
  endfacet
  facet normal 0.803265 0.595622 0
    outer loop
      vertex 4.43426 4.57223 2.5
      vertex 4.46349 4.53281 7.5
      vertex 4.46349 4.53281 2.5
    endloop
  endfacet
  facet normal 0.904065 -0.427395 0
    outer loop
      vertex 4.38805 50.3413 7.5
      vertex 4.40904 50.3857 2.5
      vertex 4.40904 50.3857 7.5
    endloop
  endfacet
  facet normal 0.904065 -0.427395 0
    outer loop
      vertex 4.40904 50.3857 2.5
      vertex 4.38805 50.3413 7.5
      vertex 4.38805 50.3413 2.5
    endloop
  endfacet
  facet normal 0.969926 -0.2434 0
    outer loop
      vertex 4.35961 50.2476 7.5
      vertex 4.37153 50.2951 2.5
      vertex 4.37153 50.2951 7.5
    endloop
  endfacet
  facet normal 0.969926 -0.2434 0
    outer loop
      vertex 4.37153 50.2951 2.5
      vertex 4.35961 50.2476 7.5
      vertex 4.35961 50.2476 2.5
    endloop
  endfacet
  facet normal 0.989203 -0.146549 0
    outer loop
      vertex 4.35241 50.199 7.5
      vertex 4.35961 50.2476 2.5
      vertex 4.35961 50.2476 7.5
    endloop
  endfacet
  facet normal 0.989203 -0.146549 0
    outer loop
      vertex 4.35961 50.2476 2.5
      vertex 4.35241 50.199 7.5
      vertex 4.35241 50.199 2.5
    endloop
  endfacet
  facet normal 0.672166 -0.740401 0
    outer loop
      vertex 4.49645 50.5035 2.5
      vertex 4.5328 50.5365 7.5
      vertex 4.49645 50.5035 7.5
    endloop
  endfacet
  facet normal 0.672166 -0.740401 0
    outer loop
      vertex 4.5328 50.5365 7.5
      vertex 4.49645 50.5035 2.5
      vertex 4.5328 50.5365 2.5
    endloop
  endfacet
  facet normal 0.740346 -0.672226 0
    outer loop
      vertex 4.46349 50.4672 7.5
      vertex 4.49645 50.5035 2.5
      vertex 4.49645 50.5035 7.5
    endloop
  endfacet
  facet normal 0.740346 -0.672226 0
    outer loop
      vertex 4.49645 50.5035 2.5
      vertex 4.46349 50.4672 7.5
      vertex 4.46349 50.4672 2.5
    endloop
  endfacet
  facet normal 0.426288 -0.904587 0
    outer loop
      vertex 4.6143 50.591 2.5
      vertex 4.65865 50.6119 7.5
      vertex 4.6143 50.591 7.5
    endloop
  endfacet
  facet normal 0.426288 -0.904587 0
    outer loop
      vertex 4.65865 50.6119 7.5
      vertex 4.6143 50.591 2.5
      vertex 4.65865 50.6119 2.5
    endloop
  endfacet
  facet normal -0.0491243 0.998793 0
    outer loop
      vertex 120.199 4.35242 2.5
      vertex 120.15 4.35001 7.5
      vertex 120.199 4.35242 7.5
    endloop
  endfacet
  facet normal -0.0491243 0.998793 0
    outer loop
      vertex 120.15 4.35001 7.5
      vertex 120.199 4.35242 2.5
      vertex 120.15 4.35001 2.5
    endloop
  endfacet
  facet normal -0.795765 0.605605 0
    outer loop
      vertex 120.536 4.53281 2.5
      vertex 120.566 4.57223 7.5
      vertex 120.566 4.57223 2.5
    endloop
  endfacet
  facet normal -0.795765 0.605605 0
    outer loop
      vertex 120.566 4.57223 7.5
      vertex 120.536 4.53281 2.5
      vertex 120.536 4.53281 7.5
    endloop
  endfacet
  facet normal -0.599869 0.800098 0
    outer loop
      vertex 120.467 4.46351 2.5
      vertex 120.428 4.43427 7.5
      vertex 120.467 4.46351 7.5
    endloop
  endfacet
  facet normal -0.599869 0.800098 0
    outer loop
      vertex 120.428 4.43427 7.5
      vertex 120.467 4.46351 2.5
      vertex 120.428 4.43427 2.5
    endloop
  endfacet
  facet normal -0.85972 0.510765 0
    outer loop
      vertex 120.566 4.57223 2.5
      vertex 120.591 4.61431 7.5
      vertex 120.591 4.61431 2.5
    endloop
  endfacet
  facet normal -0.85972 0.510765 0
    outer loop
      vertex 120.591 4.61431 7.5
      vertex 120.566 4.57223 2.5
      vertex 120.566 4.57223 7.5
    endloop
  endfacet
  facet normal 0.941613 0.336698 0
    outer loop
      vertex 4.38805 4.65867 7.5
      vertex 4.37153 4.70487 2.5
      vertex 4.37153 4.70487 7.5
    endloop
  endfacet
  facet normal 0.941613 0.336698 0
    outer loop
      vertex 4.37153 4.70487 2.5
      vertex 4.38805 4.65867 7.5
      vertex 4.38805 4.65867 2.5
    endloop
  endfacet
  facet normal 0.595851 0.803095 -0
    outer loop
      vertex 4.57221 4.43427 2.5
      vertex 4.5328 4.46351 7.5
      vertex 4.57221 4.43427 7.5
    endloop
  endfacet
  facet normal 0.595851 0.803095 0
    outer loop
      vertex 4.5328 4.46351 7.5
      vertex 4.57221 4.43427 2.5
      vertex 4.5328 4.46351 2.5
    endloop
  endfacet
  facet normal 0.513986 0.857798 -0
    outer loop
      vertex 4.6143 4.40905 2.5
      vertex 4.57221 4.43427 7.5
      vertex 4.6143 4.40905 7.5
    endloop
  endfacet
  facet normal 0.513986 0.857798 0
    outer loop
      vertex 4.57221 4.43427 7.5
      vertex 4.6143 4.40905 2.5
      vertex 4.57221 4.43427 2.5
    endloop
  endfacet
  facet normal -0.145575 0.989347 0
    outer loop
      vertex 120.248 4.35963 2.5
      vertex 120.199 4.35242 7.5
      vertex 120.248 4.35963 7.5
    endloop
  endfacet
  facet normal -0.145575 0.989347 0
    outer loop
      vertex 120.199 4.35242 7.5
      vertex 120.248 4.35963 2.5
      vertex 120.199 4.35242 2.5
    endloop
  endfacet
  facet normal -0.24564 0.969361 0
    outer loop
      vertex 120.295 4.37154 2.5
      vertex 120.248 4.35963 7.5
      vertex 120.295 4.37154 7.5
    endloop
  endfacet
  facet normal -0.24564 0.969361 0
    outer loop
      vertex 120.248 4.35963 7.5
      vertex 120.295 4.37154 2.5
      vertex 120.248 4.35963 2.5
    endloop
  endfacet
  facet normal -0.338176 0.941083 0
    outer loop
      vertex 120.341 4.38807 2.5
      vertex 120.295 4.37154 7.5
      vertex 120.341 4.38807 7.5
    endloop
  endfacet
  facet normal -0.338176 0.941083 0
    outer loop
      vertex 120.295 4.37154 7.5
      vertex 120.341 4.38807 2.5
      vertex 120.295 4.37154 2.5
    endloop
  endfacet
  facet normal -0.422555 0.906337 0
    outer loop
      vertex 120.386 4.40905 2.5
      vertex 120.341 4.38807 7.5
      vertex 120.386 4.40905 7.5
    endloop
  endfacet
  facet normal -0.422555 0.906337 0
    outer loop
      vertex 120.341 4.38807 7.5
      vertex 120.386 4.40905 2.5
      vertex 120.341 4.38807 2.5
    endloop
  endfacet
  facet normal -0.7505 0.66087 0
    outer loop
      vertex 120.504 4.49647 2.5
      vertex 120.536 4.53281 7.5
      vertex 120.536 4.53281 2.5
    endloop
  endfacet
  facet normal -0.7505 0.66087 0
    outer loop
      vertex 120.536 4.53281 7.5
      vertex 120.504 4.49647 2.5
      vertex 120.504 4.49647 7.5
    endloop
  endfacet
  facet normal -0.514796 0.857313 0
    outer loop
      vertex 120.428 4.43427 2.5
      vertex 120.386 4.40905 7.5
      vertex 120.428 4.43427 7.5
    endloop
  endfacet
  facet normal -0.514796 0.857313 0
    outer loop
      vertex 120.386 4.40905 7.5
      vertex 120.428 4.43427 2.5
      vertex 120.386 4.40905 2.5
    endloop
  endfacet
  facet normal -0.986721 -0.162423 0
    outer loop
      vertex 120.648 50.199 2.5
      vertex 120.64 50.2476 7.5
      vertex 120.64 50.2476 2.5
    endloop
  endfacet
  facet normal -0.986721 -0.162423 0
    outer loop
      vertex 120.64 50.2476 7.5
      vertex 120.648 50.199 2.5
      vertex 120.648 50.199 7.5
    endloop
  endfacet
  facet normal -0.859827 -0.510586 0
    outer loop
      vertex 120.591 50.3857 2.5
      vertex 120.566 50.4278 7.5
      vertex 120.566 50.4278 2.5
    endloop
  endfacet
  facet normal -0.859827 -0.510586 0
    outer loop
      vertex 120.566 50.4278 7.5
      vertex 120.591 50.3857 2.5
      vertex 120.591 50.3857 7.5
    endloop
  endfacet
  facet normal 0.989177 0.146726 0
    outer loop
      vertex 4.35961 4.75246 7.5
      vertex 4.35241 4.801 2.5
      vertex 4.35241 4.801 7.5
    endloop
  endfacet
  facet normal 0.989177 0.146726 0
    outer loop
      vertex 4.35241 4.801 2.5
      vertex 4.35961 4.75246 7.5
      vertex 4.35961 4.75246 2.5
    endloop
  endfacet
  facet normal 0.970034 0.242967 0
    outer loop
      vertex 4.37153 4.70487 7.5
      vertex 4.35961 4.75246 2.5
      vertex 4.35961 4.75246 7.5
    endloop
  endfacet
  facet normal 0.970034 0.242967 0
    outer loop
      vertex 4.35961 4.75246 2.5
      vertex 4.37153 4.70487 7.5
      vertex 4.37153 4.70487 2.5
    endloop
  endfacet
  facet normal 0.903916 0.42771 0
    outer loop
      vertex 4.40904 4.61431 7.5
      vertex 4.38805 4.65867 2.5
      vertex 4.38805 4.65867 7.5
    endloop
  endfacet
  facet normal 0.903916 0.42771 0
    outer loop
      vertex 4.38805 4.65867 2.5
      vertex 4.40904 4.61431 7.5
      vertex 4.40904 4.61431 2.5
    endloop
  endfacet
  facet normal 0.857745 0.514076 0
    outer loop
      vertex 4.43426 4.57223 7.5
      vertex 4.40904 4.61431 2.5
      vertex 4.40904 4.61431 7.5
    endloop
  endfacet
  facet normal 0.857745 0.514076 0
    outer loop
      vertex 4.40904 4.61431 2.5
      vertex 4.43426 4.57223 7.5
      vertex 4.43426 4.57223 2.5
    endloop
  endfacet
  facet normal 0.740714 0.67182 0
    outer loop
      vertex 4.49645 4.49647 7.5
      vertex 4.46349 4.53281 2.5
      vertex 4.46349 4.53281 7.5
    endloop
  endfacet
  facet normal 0.740714 0.67182 0
    outer loop
      vertex 4.46349 4.53281 2.5
      vertex 4.49645 4.49647 7.5
      vertex 4.49645 4.49647 2.5
    endloop
  endfacet
  facet normal 0.671719 0.740806 -0
    outer loop
      vertex 4.5328 4.46351 2.5
      vertex 4.49645 4.49647 7.5
      vertex 4.5328 4.46351 7.5
    endloop
  endfacet
  facet normal 0.671719 0.740806 0
    outer loop
      vertex 4.49645 4.49647 7.5
      vertex 4.5328 4.46351 2.5
      vertex 4.49645 4.49647 2.5
    endloop
  endfacet
  facet normal -0.944937 0.327251 0
    outer loop
      vertex 120.612 4.65867 2.5
      vertex 120.628 4.70487 7.5
      vertex 120.628 4.70487 2.5
    endloop
  endfacet
  facet normal -0.944937 0.327251 0
    outer loop
      vertex 120.628 4.70487 7.5
      vertex 120.612 4.65867 2.5
      vertex 120.612 4.65867 7.5
    endloop
  endfacet
  facet normal -0.999168 0.0407741 0
    outer loop
      vertex 120.648 4.801 2.5
      vertex 120.65 4.85001 7.5
      vertex 120.65 4.85001 2.5
    endloop
  endfacet
  facet normal -0.999168 0.0407741 0
    outer loop
      vertex 120.65 4.85001 7.5
      vertex 120.648 4.801 2.5
      vertex 120.648 4.801 7.5
    endloop
  endfacet
  facet normal -0.969649 0.244501 0
    outer loop
      vertex 120.628 4.70487 2.5
      vertex 120.64 4.75246 7.5
      vertex 120.64 4.75246 2.5
    endloop
  endfacet
  facet normal -0.969649 0.244501 0
    outer loop
      vertex 120.64 4.75246 7.5
      vertex 120.628 4.70487 2.5
      vertex 120.628 4.70487 7.5
    endloop
  endfacet
  facet normal -0.999168 -0.0407824 0
    outer loop
      vertex 120.65 50.15 2.5
      vertex 120.648 50.199 7.5
      vertex 120.648 50.199 2.5
    endloop
  endfacet
  facet normal -0.999168 -0.0407824 0
    outer loop
      vertex 120.648 50.199 7.5
      vertex 120.65 50.15 2.5
      vertex 120.65 50.15 7.5
    endloop
  endfacet
  facet normal -0.969539 -0.244936 0
    outer loop
      vertex 120.64 50.2476 2.5
      vertex 120.628 50.2951 7.5
      vertex 120.628 50.2951 2.5
    endloop
  endfacet
  facet normal -0.969539 -0.244936 0
    outer loop
      vertex 120.628 50.2951 7.5
      vertex 120.64 50.2476 2.5
      vertex 120.64 50.2476 7.5
    endloop
  endfacet
  facet normal -0.944937 -0.327251 0
    outer loop
      vertex 120.628 50.2951 2.5
      vertex 120.612 50.3413 7.5
      vertex 120.612 50.3413 2.5
    endloop
  endfacet
  facet normal -0.944937 -0.327251 0
    outer loop
      vertex 120.612 50.3413 7.5
      vertex 120.628 50.2951 2.5
      vertex 120.628 50.2951 7.5
    endloop
  endfacet
  facet normal -0.903986 -0.427561 0
    outer loop
      vertex 120.612 50.3413 2.5
      vertex 120.591 50.3857 7.5
      vertex 120.591 50.3857 2.5
    endloop
  endfacet
  facet normal -0.903986 -0.427561 0
    outer loop
      vertex 120.591 50.3857 7.5
      vertex 120.612 50.3413 2.5
      vertex 120.612 50.3413 7.5
    endloop
  endfacet
  facet normal -0.903837 0.427876 0
    outer loop
      vertex 120.591 4.61431 2.5
      vertex 120.612 4.65867 7.5
      vertex 120.612 4.65867 2.5
    endloop
  endfacet
  facet normal -0.903837 0.427876 0
    outer loop
      vertex 120.612 4.65867 7.5
      vertex 120.591 4.61431 2.5
      vertex 120.591 4.61431 7.5
    endloop
  endfacet
  facet normal -0.986689 0.162619 0
    outer loop
      vertex 120.64 4.75246 2.5
      vertex 120.648 4.801 7.5
      vertex 120.648 4.801 2.5
    endloop
  endfacet
  facet normal -0.986689 0.162619 0
    outer loop
      vertex 120.648 4.801 7.5
      vertex 120.64 4.75246 2.5
      vertex 120.64 4.75246 7.5
    endloop
  endfacet
  facet normal -0.795617 -0.6058 0
    outer loop
      vertex 120.566 50.4278 2.5
      vertex 120.536 50.4672 7.5
      vertex 120.536 50.4672 2.5
    endloop
  endfacet
  facet normal -0.795617 -0.6058 0
    outer loop
      vertex 120.536 50.4672 7.5
      vertex 120.566 50.4278 2.5
      vertex 120.566 50.4278 7.5
    endloop
  endfacet
  facet normal -0.750139 -0.66128 0
    outer loop
      vertex 120.536 50.4672 2.5
      vertex 120.504 50.5035 7.5
      vertex 120.504 50.5035 2.5
    endloop
  endfacet
  facet normal -0.750139 -0.66128 0
    outer loop
      vertex 120.504 50.5035 7.5
      vertex 120.536 50.4672 2.5
      vertex 120.536 50.4672 7.5
    endloop
  endfacet
  facet normal 0 1 -0
    outer loop
      vertex 121 55 0
      vertex 4 55 2.5
      vertex 121 55 2.5
    endloop
  endfacet
  facet normal 0 1 0
    outer loop
      vertex 4 55 2.5
      vertex 121 55 0
      vertex 4 55 0
    endloop
  endfacet
  facet normal 0.0491751 0.99879 -0
    outer loop
      vertex 121.392 54.9807 0
      vertex 121 55 2.5
      vertex 121.392 54.9807 2.5
    endloop
  endfacet
  facet normal 0.0491751 0.99879 0
    outer loop
      vertex 121 55 2.5
      vertex 121.392 54.9807 0
      vertex 121 55 0
    endloop
  endfacet
  facet normal 0.146844 0.98916 -0
    outer loop
      vertex 121.78 54.9231 0
      vertex 121.392 54.9807 2.5
      vertex 121.78 54.9231 2.5
    endloop
  endfacet
  facet normal 0.146844 0.98916 0
    outer loop
      vertex 121.392 54.9807 2.5
      vertex 121.78 54.9231 0
      vertex 121.392 54.9807 0
    endloop
  endfacet
  facet normal -0.0490561 -0.998796 0
    outer loop
      vertex 3.60793 0.0192566 0
      vertex 4 0 2.5
      vertex 3.60793 0.0192566 2.5
    endloop
  endfacet
  facet normal -0.0490561 -0.998796 -0
    outer loop
      vertex 4 0 2.5
      vertex 3.60793 0.0192566 0
      vertex 4 0 0
    endloop
  endfacet
  facet normal -0.337014 0.9415 0
    outer loop
      vertex 2.83887 54.8278 0
      vertex 2.46927 54.6955 2.5
      vertex 2.83887 54.8278 2.5
    endloop
  endfacet
  facet normal -0.337014 0.9415 0
    outer loop
      vertex 2.46927 54.6955 2.5
      vertex 2.83887 54.8278 0
      vertex 2.46927 54.6955 0
    endloop
  endfacet
  facet normal 0.0490648 -0.998796 0
    outer loop
      vertex 121 0 0
      vertex 121.392 0.0192566 2.5
      vertex 121 0 2.5
    endloop
  endfacet
  facet normal 0.0490648 -0.998796 0
    outer loop
      vertex 121.392 0.0192566 2.5
      vertex 121 0 0
      vertex 121.392 0.0192566 0
    endloop
  endfacet
  facet normal -0.803209 -0.595697 0
    outer loop
      vertex 0.907959 1.46243 0
      vertex 0.674118 1.77773 2.5
      vertex 0.674118 1.77773 0
    endloop
  endfacet
  facet normal -0.803209 -0.595697 0
    outer loop
      vertex 0.674118 1.77773 2.5
      vertex 0.907959 1.46243 0
      vertex 0.907959 1.46243 2.5
    endloop
  endfacet
  facet normal 0 0 -1
    outer loop
      vertex 121 0 0
      vertex 125 4 0
      vertex 124.981 3.60793 0
    endloop
  endfacet
  facet normal 0 0 -1
    outer loop
      vertex 125 4 0
      vertex 79.2573 20.6552 0
      vertex 125 51 0
    endloop
  endfacet
  facet normal 0 0 -1
    outer loop
      vertex 121 0 0
      vertex 124.981 3.60793 0
      vertex 124.923 3.21964 0
    endloop
  endfacet
  facet normal 0 0 -1
    outer loop
      vertex 79.2573 34.0319 0
      vertex 125 51 0
      vertex 79.2573 20.6552 0
    endloop
  endfacet
  facet normal 0 0 -1
    outer loop
      vertex 121 0 0
      vertex 124.923 3.21964 0
      vertex 124.828 2.83887 0
    endloop
  endfacet
  facet normal 0 -0 -1
    outer loop
      vertex 121 55 0
      vertex 125 51 0
      vertex 79.2573 34.0319 0
    endloop
  endfacet
  facet normal 0 0 -1
    outer loop
      vertex 121 0 0
      vertex 124.828 2.83887 0
      vertex 124.696 2.46927 0
    endloop
  endfacet
  facet normal 0 0 -1
    outer loop
      vertex 125 51 0
      vertex 121 55 0
      vertex 124.981 51.3921 0
    endloop
  endfacet
  facet normal 0 0 -1
    outer loop
      vertex 121 0 0
      vertex 124.696 2.46927 0
      vertex 124.528 2.11441 0
    endloop
  endfacet
  facet normal 0 0 -1
    outer loop
      vertex 124.981 51.3921 0
      vertex 121 55 0
      vertex 124.923 51.7804 0
    endloop
  endfacet
  facet normal 0 0 -1
    outer loop
      vertex 121 0 0
      vertex 124.528 2.11441 0
      vertex 124.326 1.77773 0
    endloop
  endfacet
  facet normal -0 0 -1
    outer loop
      vertex 125 4 0
      vertex 121 0 0
      vertex 79.2573 20.6552 0
    endloop
  endfacet
  facet normal 0 0 -1
    outer loop
      vertex 121 0 0
      vertex 124.326 1.77773 0
      vertex 124.092 1.46243 0
    endloop
  endfacet
  facet normal 0 0 -1
    outer loop
      vertex 124.923 51.7804 0
      vertex 121 55 0
      vertex 124.828 52.1611 0
    endloop
  endfacet
  facet normal 0 0 -1
    outer loop
      vertex 121 0 0
      vertex 124.092 1.46243 0
      vertex 123.828 1.17157 0
    endloop
  endfacet
  facet normal 0 0 -1
    outer loop
      vertex 124.528 52.8856 0
      vertex 121 55 0
      vertex 124.326 53.2223 0
    endloop
  endfacet
  facet normal 0 0 -1
    outer loop
      vertex 121 0 0
      vertex 123.828 1.17157 0
      vertex 123.538 0.907959 0
    endloop
  endfacet
  facet normal 0 0 -1
    outer loop
      vertex 124.326 53.2223 0
      vertex 121 55 0
      vertex 124.092 53.5376 0
    endloop
  endfacet
  facet normal 0 0 -1
    outer loop
      vertex 121 0 0
      vertex 123.538 0.907959 0
      vertex 123.222 0.674118 0
    endloop
  endfacet
  facet normal 0 0 -1
    outer loop
      vertex 124.092 53.5376 0
      vertex 121 55 0
      vertex 123.828 53.8284 0
    endloop
  endfacet
  facet normal 0 0 -1
    outer loop
      vertex 121 0 0
      vertex 123.222 0.674118 0
      vertex 122.886 0.472321 0
    endloop
  endfacet
  facet normal 0 0 -1
    outer loop
      vertex 123.828 53.8284 0
      vertex 121 55 0
      vertex 123.538 54.092 0
    endloop
  endfacet
  facet normal 0 0 -1
    outer loop
      vertex 121 0 0
      vertex 122.886 0.472321 0
      vertex 122.531 0.304489 0
    endloop
  endfacet
  facet normal 0 0 -1
    outer loop
      vertex 123.538 54.092 0
      vertex 121 55 0
      vertex 123.222 54.3259 0
    endloop
  endfacet
  facet normal 0 0 -1
    outer loop
      vertex 121 0 0
      vertex 122.531 0.304489 0
      vertex 122.161 0.172241 0
    endloop
  endfacet
  facet normal 0 0 -1
    outer loop
      vertex 123.222 54.3259 0
      vertex 121 55 0
      vertex 122.886 54.5277 0
    endloop
  endfacet
  facet normal 0 0 -1
    outer loop
      vertex 121 0 0
      vertex 122.161 0.172241 0
      vertex 121.78 0.0768585 0
    endloop
  endfacet
  facet normal 0 0 -1
    outer loop
      vertex 122.886 54.5277 0
      vertex 121 55 0
      vertex 122.531 54.6955 0
    endloop
  endfacet
  facet normal 0 0 -1
    outer loop
      vertex 121 0 0
      vertex 121.78 0.0768585 0
      vertex 121.392 0.0192566 0
    endloop
  endfacet
  facet normal 0 0 -1
    outer loop
      vertex 122.531 54.6955 0
      vertex 121 55 0
      vertex 122.161 54.8278 0
    endloop
  endfacet
  facet normal 0 0 -1
    outer loop
      vertex 122.161 54.8278 0
      vertex 121 55 0
      vertex 121.78 54.9231 0
    endloop
  endfacet
  facet normal 0 0 -1
    outer loop
      vertex 121.78 54.9231 0
      vertex 121 55 0
      vertex 121.392 54.9807 0
    endloop
  endfacet
  facet normal 0 0 -1
    outer loop
      vertex 124.828 52.1611 0
      vertex 121 55 0
      vertex 124.696 52.5307 0
    endloop
  endfacet
  facet normal 0 0 -1
    outer loop
      vertex 121 0 0
      vertex 76.4566 20.6552 0
      vertex 79.2573 20.6552 0
    endloop
  endfacet
  facet normal 0 0 -1
    outer loop
      vertex 76.4566 20.6552 0
      vertex 74.9716 34.0319 0
      vertex 76.4566 34.0319 0
    endloop
  endfacet
  facet normal 0 0 -1
    outer loop
      vertex 76.4566 20.6552 0
      vertex 70.1108 20.6552 0
      vertex 74.9716 34.0319 0
    endloop
  endfacet
  facet normal 0 0 -1
    outer loop
      vertex 121 0 0
      vertex 70.1108 20.6552 0
      vertex 76.4566 20.6552 0
    endloop
  endfacet
  facet normal 0 0 -1
    outer loop
      vertex 121 0 0
      vertex 66.807 20.6552 0
      vertex 70.1108 20.6552 0
    endloop
  endfacet
  facet normal 0 0 -1
    outer loop
      vertex 121 0 0
      vertex 62.9007 20.6552 0
      vertex 66.807 20.6552 0
    endloop
  endfacet
  facet normal 0 0 -1
    outer loop
      vertex 4 0 0
      vertex 62.9007 20.6552 0
      vertex 121 0 0
    endloop
  endfacet
  facet normal 0 0 -1
    outer loop
      vertex 57.0336 27.7755 0
      vertex 58.4481 28.0983 0
      vertex 60.062 20.6552 0
    endloop
  endfacet
  facet normal 0 0 -1
    outer loop
      vertex 57.945 30.2818 0
      vertex 57.6056 30.7834 0
      vertex 57.7077 31.3831 0
    endloop
  endfacet
  facet normal 0 -0 -1
    outer loop
      vertex 57.1971 28.5308 0
      vertex 58.4481 28.0983 0
      vertex 57.1358 28.2294 0
    endloop
  endfacet
  facet normal -0 0 -1
    outer loop
      vertex 57.945 30.2818 0
      vertex 57.5103 30.2335 0
      vertex 57.6056 30.7834 0
    endloop
  endfacet
  facet normal 0 0 -1
    outer loop
      vertex 57.945 30.2818 0
      vertex 57.4218 29.7333 0
      vertex 57.5103 30.2335 0
    endloop
  endfacet
  facet normal 0 0 -1
    outer loop
      vertex 57.945 30.2818 0
      vertex 57.3401 29.2828 0
      vertex 57.4218 29.7333 0
    endloop
  endfacet
  facet normal 0 0 -1
    outer loop
      vertex 58.4481 28.0983 0
      vertex 57.3401 29.2828 0
      vertex 57.945 30.2818 0
    endloop
  endfacet
  facet normal 0 -0 -1
    outer loop
      vertex 57.3401 29.2828 0
      vertex 58.4481 28.0983 0
      vertex 57.2652 28.8819 0
    endloop
  endfacet
  facet normal 0 -0 -1
    outer loop
      vertex 57.2652 28.8819 0
      vertex 58.4481 28.0983 0
      vertex 57.1971 28.5308 0
    endloop
  endfacet
  facet normal -0 0 -1
    outer loop
      vertex 58.4481 28.0983 0
      vertex 57.0813 27.9776 0
      vertex 57.1358 28.2294 0
    endloop
  endfacet
  facet normal 0 0 -1
    outer loop
      vertex 58.4481 28.0983 0
      vertex 57.0336 27.7755 0
      vertex 57.0813 27.9776 0
    endloop
  endfacet
  facet normal 0 0 -1
    outer loop
      vertex 60.062 20.6552 0
      vertex 55.3436 20.6552 0
      vertex 57.0336 27.7755 0
    endloop
  endfacet
  facet normal -0 0 -1
    outer loop
      vertex 62.9007 20.6552 0
      vertex 4 0 0
      vertex 60.062 20.6552 0
    endloop
  endfacet
  facet normal -0 0 -1
    outer loop
      vertex 60.062 20.6552 0
      vertex 4 0 0
      vertex 55.3436 20.6552 0
    endloop
  endfacet
  facet normal -0 0 -1
    outer loop
      vertex 49.8582 31.0913 0
      vertex 49.3625 29.2945 0
      vertex 49.7993 31.3831 0
    endloop
  endfacet
  facet normal -0 0 -1
    outer loop
      vertex 49.9167 30.8024 0
      vertex 49.3625 29.2945 0
      vertex 49.8582 31.0913 0
    endloop
  endfacet
  facet normal -0 0 -1
    outer loop
      vertex 49.9749 30.5165 0
      vertex 49.3625 29.2945 0
      vertex 49.9167 30.8024 0
    endloop
  endfacet
  facet normal -0 0 -1
    outer loop
      vertex 50.0327 30.2335 0
      vertex 49.3625 29.2945 0
      vertex 49.9749 30.5165 0
    endloop
  endfacet
  facet normal -0 0 -1
    outer loop
      vertex 50.0902 29.9534 0
      vertex 49.3625 29.2945 0
      vertex 50.0327 30.2335 0
    endloop
  endfacet
  facet normal -0 0 -1
    outer loop
      vertex 50.1474 29.6763 0
      vertex 49.3625 29.2945 0
      vertex 50.0902 29.9534 0
    endloop
  endfacet
  facet normal -0 0 -1
    outer loop
      vertex 50.2041 29.4021 0
      vertex 49.3625 29.2945 0
      vertex 50.1474 29.6763 0
    endloop
  endfacet
  facet normal 0 0 -1
    outer loop
      vertex 50.2606 29.1308 0
      vertex 49.3625 29.2945 0
      vertex 50.2041 29.4021 0
    endloop
  endfacet
  facet normal 0 0 -1
    outer loop
      vertex 50.3167 28.8625 0
      vertex 49.3625 29.2945 0
      vertex 50.2606 29.1308 0
    endloop
  endfacet
  facet normal 0 0 -1
    outer loop
      vertex 50.3898 28.524 0
      vertex 49.3625 29.2945 0
      vertex 50.3167 28.8625 0
    endloop
  endfacet
  facet normal 0 0 -1
    outer loop
      vertex 50.4972 28.0421 0
      vertex 49.3625 29.2945 0
      vertex 50.3898 28.524 0
    endloop
  endfacet
  facet normal 0 0 -1
    outer loop
      vertex 50.639 27.4169 0
      vertex 49.3625 29.2945 0
      vertex 50.4972 28.0421 0
    endloop
  endfacet
  facet normal 0 0 -1
    outer loop
      vertex 50.8151 26.6483 0
      vertex 49.3625 29.2945 0
      vertex 50.639 27.4169 0
    endloop
  endfacet
  facet normal 0 0 -1
    outer loop
      vertex 47.4259 20.6552 0
      vertex 50.8151 26.6483 0
      vertex 51.0255 25.7363 0
    endloop
  endfacet
  facet normal 0 0 -1
    outer loop
      vertex 47.4259 20.6552 0
      vertex 51.0255 25.7363 0
      vertex 51.2703 24.6811 0
    endloop
  endfacet
  facet normal 0 0 -1
    outer loop
      vertex 47.4259 20.6552 0
      vertex 51.2703 24.6811 0
      vertex 51.5495 23.4824 0
    endloop
  endfacet
  facet normal 0 0 -1
    outer loop
      vertex 47.4259 20.6552 0
      vertex 51.5495 23.4824 0
      vertex 51.8629 22.1405 0
    endloop
  endfacet
  facet normal 0 0 -1
    outer loop
      vertex 47.4259 20.6552 0
      vertex 51.8629 22.1405 0
      vertex 52.2107 20.6552 0
    endloop
  endfacet
  facet normal -0 0 -1
    outer loop
      vertex 50.8151 26.6483 0
      vertex 47.4259 20.6552 0
      vertex 49.3625 29.2945 0
    endloop
  endfacet
  facet normal -0 0 -1
    outer loop
      vertex 55.3436 20.6552 0
      vertex 4 0 0
      vertex 52.2107 20.6552 0
    endloop
  endfacet
  facet normal -0 0 -1
    outer loop
      vertex 52.2107 20.6552 0
      vertex 4 0 0
      vertex 47.4259 20.6552 0
    endloop
  endfacet
  facet normal -0 0 -1
    outer loop
      vertex 47.4259 20.6552 0
      vertex 4 0 0
      vertex 44.5873 20.6552 0
    endloop
  endfacet
  facet normal 0 0 -1
    outer loop
      vertex 124.696 52.5307 0
      vertex 121 55 0
      vertex 124.528 52.8856 0
    endloop
  endfacet
  facet normal 0 0 -1
    outer loop
      vertex 76.4566 34.0319 0
      vertex 121 55 0
      vertex 79.2573 34.0319 0
    endloop
  endfacet
  facet normal 0 0 -1
    outer loop
      vertex 74.9716 34.0319 0
      vertex 121 55 0
      vertex 76.4566 34.0319 0
    endloop
  endfacet
  facet normal 0 0 -1
    outer loop
      vertex 72.1995 34.0319 0
      vertex 121 55 0
      vertex 74.9716 34.0319 0
    endloop
  endfacet
  facet normal 0 0 -1
    outer loop
      vertex 65.9146 30.614 0
      vertex 72.1995 34.0319 0
      vertex 71.0127 30.614 0
    endloop
  endfacet
  facet normal 0 0 -1
    outer loop
      vertex 64.7278 34.0319 0
      vertex 72.1995 34.0319 0
      vertex 65.9146 30.614 0
    endloop
  endfacet
  facet normal 0 0 -1
    outer loop
      vertex 64.7278 34.0319 0
      vertex 121 55 0
      vertex 72.1995 34.0319 0
    endloop
  endfacet
  facet normal 0 0 -1
    outer loop
      vertex 61.9272 34.0319 0
      vertex 121 55 0
      vertex 64.7278 34.0319 0
    endloop
  endfacet
  facet normal 0 0 -1
    outer loop
      vertex 4 55 0
      vertex 61.9272 34.0319 0
      vertex 59.4449 34.0319 0
    endloop
  endfacet
  facet normal 0 0 -1
    outer loop
      vertex 4 55 0
      vertex 59.4449 34.0319 0
      vertex 56.1222 34.0319 0
    endloop
  endfacet
  facet normal 0 0 -1
    outer loop
      vertex 53.2294 25.9854 0
      vertex 54.3089 26.2945 0
      vertex 54.2363 25.9892 0
    endloop
  endfacet
  facet normal 0 0 -1
    outer loop
      vertex 53.6992 23.7059 0
      vertex 53.8007 23.7665 0
      vertex 53.7487 23.4368 0
    endloop
  endfacet
  facet normal 0 0 -1
    outer loop
      vertex 53.6517 23.9603 0
      vertex 53.8007 23.7665 0
      vertex 53.6992 23.7059 0
    endloop
  endfacet
  facet normal 0 0 -1
    outer loop
      vertex 53.8007 23.7665 0
      vertex 53.6517 23.9603 0
      vertex 53.8551 24.0932 0
    endloop
  endfacet
  facet normal 0 0 -1
    outer loop
      vertex 53.6063 24.2001 0
      vertex 53.8551 24.0932 0
      vertex 53.6517 23.9603 0
    endloop
  endfacet
  facet normal 0 0 -1
    outer loop
      vertex 53.8551 24.0932 0
      vertex 53.6063 24.2001 0
      vertex 53.9122 24.4168 0
    endloop
  endfacet
  facet normal 0 0 -1
    outer loop
      vertex 53.563 24.4252 0
      vertex 53.9122 24.4168 0
      vertex 53.6063 24.2001 0
    endloop
  endfacet
  facet normal 0 0 -1
    outer loop
      vertex 53.5219 24.6356 0
      vertex 53.9122 24.4168 0
      vertex 53.563 24.4252 0
    endloop
  endfacet
  facet normal 0 0 -1
    outer loop
      vertex 53.9122 24.4168 0
      vertex 53.5219 24.6356 0
      vertex 53.9719 24.7374 0
    endloop
  endfacet
  facet normal 0 0 -1
    outer loop
      vertex 53.4829 24.8314 0
      vertex 53.9719 24.7374 0
      vertex 53.5219 24.6356 0
    endloop
  endfacet
  facet normal 0 0 -1
    outer loop
      vertex 53.9719 24.7374 0
      vertex 53.4829 24.8314 0
      vertex 54.0341 25.0549 0
    endloop
  endfacet
  facet normal 0 0 -1
    outer loop
      vertex 53.446 25.0126 0
      vertex 54.0341 25.0549 0
      vertex 53.4829 24.8314 0
    endloop
  endfacet
  facet normal 0 0 -1
    outer loop
      vertex 53.4111 25.179 0
      vertex 54.0341 25.0549 0
      vertex 53.446 25.0126 0
    endloop
  endfacet
  facet normal 0 0 -1
    outer loop
      vertex 54.0341 25.0549 0
      vertex 53.4111 25.179 0
      vertex 54.0989 25.3694 0
    endloop
  endfacet
  facet normal 0 0 -1
    outer loop
      vertex 53.3784 25.3309 0
      vertex 54.0989 25.3694 0
      vertex 53.4111 25.179 0
    endloop
  endfacet
  facet normal 0 0 -1
    outer loop
      vertex 53.3254 25.5668 0
      vertex 54.0989 25.3694 0
      vertex 53.3784 25.3309 0
    endloop
  endfacet
  facet normal 0 0 -1
    outer loop
      vertex 54.0989 25.3694 0
      vertex 53.3254 25.5668 0
      vertex 54.1663 25.6808 0
    endloop
  endfacet
  facet normal 0 0 -1
    outer loop
      vertex 53.2294 25.9854 0
      vertex 54.1663 25.6808 0
      vertex 53.3254 25.5668 0
    endloop
  endfacet
  facet normal 0 0 -1
    outer loop
      vertex 54.1663 25.6808 0
      vertex 53.2294 25.9854 0
      vertex 54.2363 25.9892 0
    endloop
  endfacet
  facet normal -0 0 -1
    outer loop
      vertex 54.3089 26.2945 0
      vertex 53.2294 25.9854 0
      vertex 53.0905 26.5867 0
    endloop
  endfacet
  facet normal 0 0 -1
    outer loop
      vertex 54.3089 26.2945 0
      vertex 53.0905 26.5867 0
      vertex 52.9087 27.3707 0
    endloop
  endfacet
  facet normal 0 0 -1
    outer loop
      vertex 54.3089 26.2945 0
      vertex 52.9087 27.3707 0
      vertex 52.684 28.3375 0
    endloop
  endfacet
  facet normal 0 0 -1
    outer loop
      vertex 54.3089 26.2945 0
      vertex 52.684 28.3375 0
      vertex 56.1222 34.0319 0
    endloop
  endfacet
  facet normal 0 0 -1
    outer loop
      vertex 52.4164 29.487 0
      vertex 56.1222 34.0319 0
      vertex 52.684 28.3375 0
    endloop
  endfacet
  facet normal 0 0 -1
    outer loop
      vertex 52.106 30.8192 0
      vertex 56.1222 34.0319 0
      vertex 52.4164 29.487 0
    endloop
  endfacet
  facet normal 0 0 -1
    outer loop
      vertex 51.7526 32.3342 0
      vertex 56.1222 34.0319 0
      vertex 52.106 30.8192 0
    endloop
  endfacet
  facet normal 0 0 -1
    outer loop
      vertex 51.3563 34.0319 0
      vertex 56.1222 34.0319 0
      vertex 51.7526 32.3342 0
    endloop
  endfacet
  facet normal 0 0 -1
    outer loop
      vertex 4 55 0
      vertex 56.1222 34.0319 0
      vertex 51.3563 34.0319 0
    endloop
  endfacet
  facet normal 0 0 -1
    outer loop
      vertex 4 55 0
      vertex 51.3563 34.0319 0
      vertex 48.0335 34.0319 0
    endloop
  endfacet
  facet normal 0 0 -1
    outer loop
      vertex 0 4 0
      vertex 44.5873 20.6552 0
      vertex 4 0 0
    endloop
  endfacet
  facet normal 0 0 -1
    outer loop
      vertex 61.9272 34.0319 0
      vertex 4 55 0
      vertex 121 55 0
    endloop
  endfacet
  facet normal 0 0 -1
    outer loop
      vertex 0 51 0
      vertex 44.5873 20.6552 0
      vertex 0 4 0
    endloop
  endfacet
  facet normal 0 0 -1
    outer loop
      vertex 0 4 0
      vertex 4 0 0
      vertex 3.60793 0.0192566 0
    endloop
  endfacet
  facet normal 0 0 -1
    outer loop
      vertex 44.5873 20.6552 0
      vertex 0 51 0
      vertex 48.0335 34.0319 0
    endloop
  endfacet
  facet normal 0 0 -1
    outer loop
      vertex 0 4 0
      vertex 3.60793 0.0192566 0
      vertex 3.21964 0.0768585 0
    endloop
  endfacet
  facet normal 0 0 -1
    outer loop
      vertex 48.0335 34.0319 0
      vertex 0 51 0
      vertex 4 55 0
    endloop
  endfacet
  facet normal 0 0 -1
    outer loop
      vertex 0 4 0
      vertex 3.21964 0.0768585 0
      vertex 2.83887 0.172241 0
    endloop
  endfacet
  facet normal 0 0 -1
    outer loop
      vertex 4 55 0
      vertex 0 51 0
      vertex 3.60793 54.9807 0
    endloop
  endfacet
  facet normal 0 0 -1
    outer loop
      vertex 0 4 0
      vertex 2.83887 0.172241 0
      vertex 2.46927 0.304489 0
    endloop
  endfacet
  facet normal 0 0 -1
    outer loop
      vertex 3.60793 54.9807 0
      vertex 0 51 0
      vertex 3.21964 54.9231 0
    endloop
  endfacet
  facet normal 0 0 -1
    outer loop
      vertex 0 4 0
      vertex 2.46927 0.304489 0
      vertex 2.11441 0.472321 0
    endloop
  endfacet
  facet normal 0 0 -1
    outer loop
      vertex 3.21964 54.9231 0
      vertex 0 51 0
      vertex 2.83887 54.8278 0
    endloop
  endfacet
  facet normal 0 0 -1
    outer loop
      vertex 0 4 0
      vertex 2.11441 0.472321 0
      vertex 1.77773 0.674118 0
    endloop
  endfacet
  facet normal 0 0 -1
    outer loop
      vertex 2.83887 54.8278 0
      vertex 0 51 0
      vertex 2.46927 54.6955 0
    endloop
  endfacet
  facet normal 0 0 -1
    outer loop
      vertex 0 4 0
      vertex 1.77773 0.674118 0
      vertex 1.46243 0.907959 0
    endloop
  endfacet
  facet normal 0 0 -1
    outer loop
      vertex 2.46927 54.6955 0
      vertex 0 51 0
      vertex 2.11441 54.5277 0
    endloop
  endfacet
  facet normal 0 0 -1
    outer loop
      vertex 0 4 0
      vertex 1.46243 0.907959 0
      vertex 1.17157 1.17157 0
    endloop
  endfacet
  facet normal 0 0 -1
    outer loop
      vertex 2.11441 54.5277 0
      vertex 0 51 0
      vertex 1.77773 54.3259 0
    endloop
  endfacet
  facet normal 0 0 -1
    outer loop
      vertex 0 4 0
      vertex 1.17157 1.17157 0
      vertex 0.907959 1.46243 0
    endloop
  endfacet
  facet normal 0 0 -1
    outer loop
      vertex 1.77773 54.3259 0
      vertex 0 51 0
      vertex 1.46243 54.092 0
    endloop
  endfacet
  facet normal 0 0 -1
    outer loop
      vertex 0 4 0
      vertex 0.907959 1.46243 0
      vertex 0.674118 1.77773 0
    endloop
  endfacet
  facet normal 0 0 -1
    outer loop
      vertex 1.46243 54.092 0
      vertex 0 51 0
      vertex 1.17157 53.8284 0
    endloop
  endfacet
  facet normal 0 0 -1
    outer loop
      vertex 0 4 0
      vertex 0.674118 1.77773 0
      vertex 0.472321 2.11441 0
    endloop
  endfacet
  facet normal 0 0 -1
    outer loop
      vertex 1.17157 53.8284 0
      vertex 0 51 0
      vertex 0.907959 53.5376 0
    endloop
  endfacet
  facet normal 0 0 -1
    outer loop
      vertex 0 4 0
      vertex 0.472321 2.11441 0
      vertex 0.304489 2.46927 0
    endloop
  endfacet
  facet normal 0 0 -1
    outer loop
      vertex 0.907959 53.5376 0
      vertex 0 51 0
      vertex 0.674118 53.2223 0
    endloop
  endfacet
  facet normal 0 0 -1
    outer loop
      vertex 0 4 0
      vertex 0.304489 2.46927 0
      vertex 0.172241 2.83887 0
    endloop
  endfacet
  facet normal 0 0 -1
    outer loop
      vertex 0.674118 53.2223 0
      vertex 0 51 0
      vertex 0.472321 52.8856 0
    endloop
  endfacet
  facet normal 0 0 -1
    outer loop
      vertex 0 4 0
      vertex 0.172241 2.83887 0
      vertex 0.0768585 3.21964 0
    endloop
  endfacet
  facet normal 0 0 -1
    outer loop
      vertex 0.472321 52.8856 0
      vertex 0 51 0
      vertex 0.304489 52.5307 0
    endloop
  endfacet
  facet normal 0 0 -1
    outer loop
      vertex 0 4 0
      vertex 0.0768585 3.21964 0
      vertex 0.0192566 3.60793 0
    endloop
  endfacet
  facet normal 0 0 -1
    outer loop
      vertex 0.304489 52.5307 0
      vertex 0 51 0
      vertex 0.172241 52.1611 0
    endloop
  endfacet
  facet normal 0 0 -1
    outer loop
      vertex 0.172241 52.1611 0
      vertex 0 51 0
      vertex 0.0768585 51.7804 0
    endloop
  endfacet
  facet normal 0 0 -1
    outer loop
      vertex 0.0768585 51.7804 0
      vertex 0 51 0
      vertex 0.0192566 51.3921 0
    endloop
  endfacet
  facet normal 0 0 -1
    outer loop
      vertex 62.9007 20.6552 0
      vertex 61.9272 34.0319 0
      vertex 66.807 20.6552 0
    endloop
  endfacet
  facet normal -0 -0 -1
    outer loop
      vertex 61.9272 34.0319 0
      vertex 62.9007 20.6552 0
      vertex 59.4449 34.0319 0
    endloop
  endfacet
  facet normal 0 0 -1
    outer loop
      vertex 68.402 22.9241 0
      vertex 68.6583 23.3705 0
      vertex 68.4588 22.7153 0
    endloop
  endfacet
  facet normal 0 0 -1
    outer loop
      vertex 68.3804 23.0013 0
      vertex 68.6583 23.3705 0
      vertex 68.402 22.9241 0
    endloop
  endfacet
  facet normal 0 0 -1
    outer loop
      vertex 68.3579 23.0808 0
      vertex 68.6583 23.3705 0
      vertex 68.3804 23.0013 0
    endloop
  endfacet
  facet normal 0 0 -1
    outer loop
      vertex 68.3344 23.1626 0
      vertex 68.6583 23.3705 0
      vertex 68.3579 23.0808 0
    endloop
  endfacet
  facet normal 0 0 -1
    outer loop
      vertex 68.31 23.2468 0
      vertex 68.6583 23.3705 0
      vertex 68.3344 23.1626 0
    endloop
  endfacet
  facet normal 0 0 -1
    outer loop
      vertex 68.2847 23.3333 0
      vertex 68.6583 23.3705 0
      vertex 68.31 23.2468 0
    endloop
  endfacet
  facet normal 0 0 -1
    outer loop
      vertex 68.2585 23.4221 0
      vertex 68.6583 23.3705 0
      vertex 68.2847 23.3333 0
    endloop
  endfacet
  facet normal 0 0 -1
    outer loop
      vertex 68.2313 23.5133 0
      vertex 68.6583 23.3705 0
      vertex 68.2585 23.4221 0
    endloop
  endfacet
  facet normal 0 0 -1
    outer loop
      vertex 68.2031 23.6068 0
      vertex 68.6583 23.3705 0
      vertex 68.2313 23.5133 0
    endloop
  endfacet
  facet normal 0 0 -1
    outer loop
      vertex 68.1741 23.7027 0
      vertex 68.6583 23.3705 0
      vertex 68.2031 23.6068 0
    endloop
  endfacet
  facet normal 0 0 -1
    outer loop
      vertex 68.1277 23.8482 0
      vertex 68.6583 23.3705 0
      vertex 68.1741 23.7027 0
    endloop
  endfacet
  facet normal 0 0 -1
    outer loop
      vertex 68.6583 23.3705 0
      vertex 68.1277 23.8482 0
      vertex 69.0664 24.6615 0
    endloop
  endfacet
  facet normal 0 0 -1
    outer loop
      vertex 68.0475 24.0909 0
      vertex 69.0664 24.6615 0
      vertex 68.1277 23.8482 0
    endloop
  endfacet
  facet normal 0 0 -1
    outer loop
      vertex 67.9336 24.4305 0
      vertex 69.0664 24.6615 0
      vertex 68.0475 24.0909 0
    endloop
  endfacet
  facet normal 0 0 -1
    outer loop
      vertex 67.7859 24.8672 0
      vertex 69.0664 24.6615 0
      vertex 67.9336 24.4305 0
    endloop
  endfacet
  facet normal 0 0 -1
    outer loop
      vertex 67.6045 25.401 0
      vertex 69.0664 24.6615 0
      vertex 67.7859 24.8672 0
    endloop
  endfacet
  facet normal 0 0 -1
    outer loop
      vertex 67.3893 26.0318 0
      vertex 69.0664 24.6615 0
      vertex 67.6045 25.401 0
    endloop
  endfacet
  facet normal 0 0 -1
    outer loop
      vertex 69.0664 24.6615 0
      vertex 67.3893 26.0318 0
      vertex 70.3861 28.5065 0
    endloop
  endfacet
  facet normal 0 0 -1
    outer loop
      vertex 67.1403 26.7596 0
      vertex 70.3861 28.5065 0
      vertex 67.3893 26.0318 0
    endloop
  endfacet
  facet normal 0 0 -1
    outer loop
      vertex 66.8576 27.5845 0
      vertex 70.3861 28.5065 0
      vertex 67.1403 26.7596 0
    endloop
  endfacet
  facet normal -0 0 -1
    outer loop
      vertex 70.3861 28.5065 0
      vertex 66.8576 27.5845 0
      vertex 66.5411 28.5065 0
    endloop
  endfacet
  facet normal 0 -1 0
    outer loop
      vertex 4 0 0
      vertex 121 0 2.5
      vertex 4 0 2.5
    endloop
  endfacet
  facet normal 0 -1 -0
    outer loop
      vertex 121 0 2.5
      vertex 4 0 0
      vertex 121 0 0
    endloop
  endfacet
  facet normal -0.514106 0.857727 0
    outer loop
      vertex 2.11441 54.5277 0
      vertex 1.77773 54.3259 2.5
      vertex 2.11441 54.5277 2.5
    endloop
  endfacet
  facet normal -0.514106 0.857727 0
    outer loop
      vertex 1.77773 54.3259 2.5
      vertex 2.11441 54.5277 0
      vertex 1.77773 54.3259 0
    endloop
  endfacet
  facet normal -0.146737 0.989176 0
    outer loop
      vertex 3.60793 54.9807 0
      vertex 3.21964 54.9231 2.5
      vertex 3.60793 54.9807 2.5
    endloop
  endfacet
  facet normal -0.146737 0.989176 0
    outer loop
      vertex 3.21964 54.9231 2.5
      vertex 3.60793 54.9807 0
      vertex 3.21964 54.9231 0
    endloop
  endfacet
  facet normal -0.242793 0.970078 0
    outer loop
      vertex 3.21964 54.9231 0
      vertex 2.83887 54.8278 2.5
      vertex 3.21964 54.9231 2.5
    endloop
  endfacet
  facet normal -0.242793 0.970078 0
    outer loop
      vertex 2.83887 54.8278 2.5
      vertex 3.21964 54.9231 0
      vertex 2.83887 54.8278 0
    endloop
  endfacet
  facet normal 1 -0 0
    outer loop
      vertex 125 4 2.5
      vertex 125 51 0
      vertex 125 51 2.5
    endloop
  endfacet
  facet normal 1 0 0
    outer loop
      vertex 125 51 0
      vertex 125 4 2.5
      vertex 125 4 0
    endloop
  endfacet
  facet normal -0.740963 -0.671546 0
    outer loop
      vertex 1.17157 1.17157 0
      vertex 0.907959 1.46243 2.5
      vertex 0.907959 1.46243 0
    endloop
  endfacet
  facet normal -0.740963 -0.671546 0
    outer loop
      vertex 0.907959 1.46243 2.5
      vertex 1.17157 1.17157 0
      vertex 1.17157 1.17157 2.5
    endloop
  endfacet
  facet normal -0.0491664 0.998791 0
    outer loop
      vertex 4 55 0
      vertex 3.60793 54.9807 2.5
      vertex 4 55 2.5
    endloop
  endfacet
  facet normal -0.0491664 0.998791 0
    outer loop
      vertex 3.60793 54.9807 2.5
      vertex 4 55 0
      vertex 3.60793 54.9807 0
    endloop
  endfacet
  facet normal 0.242853 -0.970063 0
    outer loop
      vertex 121.78 0.0768585 0
      vertex 122.161 0.172241 2.5
      vertex 121.78 0.0768585 2.5
    endloop
  endfacet
  facet normal 0.242853 -0.970063 0
    outer loop
      vertex 122.161 0.172241 2.5
      vertex 121.78 0.0768585 0
      vertex 122.161 0.172241 0
    endloop
  endfacet
  facet normal 0.336574 -0.941657 0
    outer loop
      vertex 122.161 0.172241 0
      vertex 122.531 0.304489 2.5
      vertex 122.161 0.172241 2.5
    endloop
  endfacet
  facet normal 0.336574 -0.941657 0
    outer loop
      vertex 122.531 0.304489 2.5
      vertex 122.161 0.172241 0
      vertex 122.531 0.304489 0
    endloop
  endfacet
  facet normal -0.5141 -0.85773 0
    outer loop
      vertex 1.77773 0.674118 0
      vertex 2.11441 0.472321 2.5
      vertex 1.77773 0.674118 2.5
    endloop
  endfacet
  facet normal -0.5141 -0.85773 -0
    outer loop
      vertex 2.11441 0.472321 2.5
      vertex 1.77773 0.674118 0
      vertex 2.11441 0.472321 0
    endloop
  endfacet
  facet normal -0.998796 -0.0490561 0
    outer loop
      vertex 0.0192566 3.60793 0
      vertex 0 4 2.5
      vertex 0 4 0
    endloop
  endfacet
  facet normal -0.998796 -0.0490561 0
    outer loop
      vertex 0 4 2.5
      vertex 0.0192566 3.60793 0
      vertex 0.0192566 3.60793 2.5
    endloop
  endfacet
  facet normal -0.970029 -0.242991 0
    outer loop
      vertex 0.172241 2.83887 0
      vertex 0.0768585 3.21964 2.5
      vertex 0.0768585 3.21964 0
    endloop
  endfacet
  facet normal -0.970029 -0.242991 0
    outer loop
      vertex 0.0768585 3.21964 2.5
      vertex 0.172241 2.83887 0
      vertex 0.172241 2.83887 2.5
    endloop
  endfacet
  facet normal -0.989175 -0.146742 0
    outer loop
      vertex 0.0768585 3.21964 0
      vertex 0.0192566 3.60793 2.5
      vertex 0.0192566 3.60793 0
    endloop
  endfacet
  facet normal -0.989175 -0.146742 0
    outer loop
      vertex 0.0192566 3.60793 2.5
      vertex 0.0768585 3.21964 0
      vertex 0.0768585 3.21964 2.5
    endloop
  endfacet
  facet normal -0.857743 0.514078 0
    outer loop
      vertex 0.472321 52.8856 0
      vertex 0.674118 53.2223 2.5
      vertex 0.674118 53.2223 0
    endloop
  endfacet
  facet normal -0.857743 0.514078 0
    outer loop
      vertex 0.674118 53.2223 2.5
      vertex 0.472321 52.8856 0
      vertex 0.472321 52.8856 2.5
    endloop
  endfacet
  facet normal -0.998796 0.0490523 0
    outer loop
      vertex 0 51 0
      vertex 0.0192566 51.3921 2.5
      vertex 0.0192566 51.3921 0
    endloop
  endfacet
  facet normal -0.998796 0.0490523 0
    outer loop
      vertex 0.0192566 51.3921 2.5
      vertex 0 51 0
      vertex 0 51 2.5
    endloop
  endfacet
  facet normal -1 0 0
    outer loop
      vertex 0 4 0
      vertex 0 51 2.5
      vertex 0 51 0
    endloop
  endfacet
  facet normal -1 -0 0
    outer loop
      vertex 0 51 2.5
      vertex 0 4 0
      vertex 0 4 2.5
    endloop
  endfacet
  facet normal 0.857502 -0.514481 0
    outer loop
      vertex 124.326 1.77773 2.5
      vertex 124.528 2.11441 0
      vertex 124.528 2.11441 2.5
    endloop
  endfacet
  facet normal 0.857502 -0.514481 0
    outer loop
      vertex 124.528 2.11441 0
      vertex 124.326 1.77773 2.5
      vertex 124.326 1.77773 0
    endloop
  endfacet
  facet normal 0.146849 -0.989159 0
    outer loop
      vertex 121.392 0.0192566 0
      vertex 121.78 0.0768585 2.5
      vertex 121.392 0.0192566 2.5
    endloop
  endfacet
  facet normal 0.146849 -0.989159 0
    outer loop
      vertex 121.78 0.0768585 2.5
      vertex 121.392 0.0192566 0
      vertex 121.78 0.0768585 0
    endloop
  endfacet
  facet normal -0.242991 -0.970029 0
    outer loop
      vertex 2.83887 0.172241 0
      vertex 3.21964 0.0768585 2.5
      vertex 2.83887 0.172241 2.5
    endloop
  endfacet
  facet normal -0.242991 -0.970029 -0
    outer loop
      vertex 3.21964 0.0768585 2.5
      vertex 2.83887 0.172241 0
      vertex 3.21964 0.0768585 0
    endloop
  endfacet
  facet normal -0.941542 -0.336897 0
    outer loop
      vertex 0.304489 2.46927 0
      vertex 0.172241 2.83887 2.5
      vertex 0.172241 2.83887 0
    endloop
  endfacet
  facet normal -0.941542 -0.336897 0
    outer loop
      vertex 0.172241 2.83887 2.5
      vertex 0.304489 2.46927 0
      vertex 0.304489 2.46927 2.5
    endloop
  endfacet
  facet normal -0.42748 0.904025 0
    outer loop
      vertex 2.46927 54.6955 0
      vertex 2.11441 54.5277 2.5
      vertex 2.46927 54.6955 2.5
    endloop
  endfacet
  facet normal -0.42748 0.904025 0
    outer loop
      vertex 2.11441 54.5277 2.5
      vertex 2.46927 54.6955 0
      vertex 2.11441 54.5277 0
    endloop
  endfacet
  facet normal 0.594845 -0.803841 0
    outer loop
      vertex 123.222 0.674118 0
      vertex 123.538 0.907959 2.5
      vertex 123.222 0.674118 2.5
    endloop
  endfacet
  facet normal 0.594845 -0.803841 0
    outer loop
      vertex 123.538 0.907959 2.5
      vertex 123.222 0.674118 0
      vertex 123.538 0.907959 0
    endloop
  endfacet
  facet normal 0.803015 -0.595958 0
    outer loop
      vertex 124.092 1.46243 2.5
      vertex 124.326 1.77773 0
      vertex 124.326 1.77773 2.5
    endloop
  endfacet
  facet normal 0.803015 -0.595958 0
    outer loop
      vertex 124.326 1.77773 0
      vertex 124.092 1.46243 2.5
      vertex 124.092 1.46243 0
    endloop
  endfacet
  facet normal 0.970247 0.242116 0
    outer loop
      vertex 124.923 51.7804 2.5
      vertex 124.828 52.1611 0
      vertex 124.828 52.1611 2.5
    endloop
  endfacet
  facet normal 0.970247 0.242116 0
    outer loop
      vertex 124.828 52.1611 0
      vertex 124.923 51.7804 2.5
      vertex 124.923 51.7804 0
    endloop
  endfacet
  facet normal 0.740401 0.672166 0
    outer loop
      vertex 124.092 53.5376 2.5
      vertex 123.828 53.8284 0
      vertex 123.828 53.8284 2.5
    endloop
  endfacet
  facet normal 0.740401 0.672166 0
    outer loop
      vertex 123.828 53.8284 0
      vertex 124.092 53.5376 2.5
      vertex 124.092 53.5376 0
    endloop
  endfacet
  facet normal 0.242655 0.970113 -0
    outer loop
      vertex 122.161 54.8278 0
      vertex 121.78 54.9231 2.5
      vertex 122.161 54.8278 2.5
    endloop
  endfacet
  facet normal 0.242655 0.970113 0
    outer loop
      vertex 121.78 54.9231 2.5
      vertex 122.161 54.8278 0
      vertex 121.78 54.9231 0
    endloop
  endfacet
  facet normal -0.85773 -0.5141 0
    outer loop
      vertex 0.674118 1.77773 0
      vertex 0.472321 2.11441 2.5
      vertex 0.472321 2.11441 0
    endloop
  endfacet
  facet normal -0.85773 -0.5141 0
    outer loop
      vertex 0.472321 2.11441 2.5
      vertex 0.674118 1.77773 0
      vertex 0.674118 1.77773 2.5
    endloop
  endfacet
  facet normal -0.671546 -0.740963 0
    outer loop
      vertex 1.17157 1.17157 0
      vertex 1.46243 0.907959 2.5
      vertex 1.17157 1.17157 2.5
    endloop
  endfacet
  facet normal -0.671546 -0.740963 -0
    outer loop
      vertex 1.46243 0.907959 2.5
      vertex 1.17157 1.17157 0
      vertex 1.46243 0.907959 0
    endloop
  endfacet
  facet normal -0.671531 0.740977 0
    outer loop
      vertex 1.46243 54.092 0
      vertex 1.17157 53.8284 2.5
      vertex 1.46243 54.092 2.5
    endloop
  endfacet
  facet normal -0.671531 0.740977 0
    outer loop
      vertex 1.17157 53.8284 2.5
      vertex 1.46243 54.092 0
      vertex 1.17157 53.8284 0
    endloop
  endfacet
  facet normal -0.970018 0.243033 0
    outer loop
      vertex 0.0768585 51.7804 0
      vertex 0.172241 52.1611 2.5
      vertex 0.172241 52.1611 0
    endloop
  endfacet
  facet normal -0.970018 0.243033 0
    outer loop
      vertex 0.172241 52.1611 2.5
      vertex 0.0768585 51.7804 0
      vertex 0.0768585 51.7804 2.5
    endloop
  endfacet
  facet normal -0.989175 0.146738 0
    outer loop
      vertex 0.0192566 51.3921 0
      vertex 0.0768585 51.7804 2.5
      vertex 0.0768585 51.7804 0
    endloop
  endfacet
  facet normal -0.989175 0.146738 0
    outer loop
      vertex 0.0768585 51.7804 2.5
      vertex 0.0192566 51.3921 0
      vertex 0.0192566 51.3921 2.5
    endloop
  endfacet
  facet normal 0.672637 -0.739972 0
    outer loop
      vertex 123.538 0.907959 0
      vertex 123.828 1.17157 2.5
      vertex 123.538 0.907959 2.5
    endloop
  endfacet
  facet normal 0.672637 -0.739972 0
    outer loop
      vertex 123.828 1.17157 2.5
      vertex 123.538 0.907959 0
      vertex 123.828 1.17157 0
    endloop
  endfacet
  facet normal 0.514865 -0.857271 0
    outer loop
      vertex 122.886 0.472321 0
      vertex 123.222 0.674118 2.5
      vertex 122.886 0.472321 2.5
    endloop
  endfacet
  facet normal 0.514865 -0.857271 0
    outer loop
      vertex 123.222 0.674118 2.5
      vertex 122.886 0.472321 0
      vertex 123.222 0.674118 0
    endloop
  endfacet
  facet normal 0.903828 -0.427896 0
    outer loop
      vertex 124.528 2.11441 2.5
      vertex 124.696 2.46927 0
      vertex 124.696 2.46927 2.5
    endloop
  endfacet
  facet normal 0.903828 -0.427896 0
    outer loop
      vertex 124.696 2.46927 0
      vertex 124.528 2.11441 2.5
      vertex 124.528 2.11441 0
    endloop
  endfacet
  facet normal 0.998828 -0.0484039 0
    outer loop
      vertex 124.981 3.60793 2.5
      vertex 125 4 0
      vertex 125 4 2.5
    endloop
  endfacet
  facet normal 0.998828 -0.0484039 0
    outer loop
      vertex 125 4 0
      vertex 124.981 3.60793 2.5
      vertex 124.981 3.60793 0
    endloop
  endfacet
  facet normal 0.989027 -0.147734 0
    outer loop
      vertex 124.923 3.21964 2.5
      vertex 124.981 3.60793 0
      vertex 124.981 3.60793 2.5
    endloop
  endfacet
  facet normal 0.989027 -0.147734 0
    outer loop
      vertex 124.981 3.60793 0
      vertex 124.923 3.21964 2.5
      vertex 124.923 3.21964 0
    endloop
  endfacet
  facet normal 0.427342 0.90409 -0
    outer loop
      vertex 122.886 54.5277 0
      vertex 122.531 54.6955 2.5
      vertex 122.886 54.5277 2.5
    endloop
  endfacet
  facet normal 0.427342 0.90409 0
    outer loop
      vertex 122.531 54.6955 2.5
      vertex 122.886 54.5277 0
      vertex 122.531 54.6955 0
    endloop
  endfacet
  facet normal 0.336691 0.941615 -0
    outer loop
      vertex 122.531 54.6955 0
      vertex 122.161 54.8278 2.5
      vertex 122.531 54.6955 2.5
    endloop
  endfacet
  facet normal 0.336691 0.941615 0
    outer loop
      vertex 122.161 54.8278 2.5
      vertex 122.531 54.6955 0
      vertex 122.161 54.8278 0
    endloop
  endfacet
  facet normal 0.514871 0.857268 -0
    outer loop
      vertex 123.222 54.3259 0
      vertex 122.886 54.5277 2.5
      vertex 123.222 54.3259 2.5
    endloop
  endfacet
  facet normal 0.514871 0.857268 0
    outer loop
      vertex 122.886 54.5277 2.5
      vertex 123.222 54.3259 0
      vertex 122.886 54.5277 0
    endloop
  endfacet
  facet normal 0.672622 0.739986 -0
    outer loop
      vertex 123.828 53.8284 0
      vertex 123.538 54.092 2.5
      vertex 123.828 53.8284 2.5
    endloop
  endfacet
  facet normal 0.672622 0.739986 0
    outer loop
      vertex 123.538 54.092 2.5
      vertex 123.828 53.8284 0
      vertex 123.538 54.092 0
    endloop
  endfacet
  facet normal 0.594942 0.803769 -0
    outer loop
      vertex 123.538 54.092 0
      vertex 123.222 54.3259 2.5
      vertex 123.538 54.092 2.5
    endloop
  endfacet
  facet normal 0.594942 0.803769 0
    outer loop
      vertex 123.222 54.3259 2.5
      vertex 123.538 54.092 0
      vertex 123.222 54.3259 0
    endloop
  endfacet
  facet normal -0.903994 -0.427546 0
    outer loop
      vertex 0.472321 2.11441 0
      vertex 0.304489 2.46927 2.5
      vertex 0.304489 2.46927 0
    endloop
  endfacet
  facet normal -0.903994 -0.427546 0
    outer loop
      vertex 0.304489 2.46927 2.5
      vertex 0.472321 2.11441 0
      vertex 0.472321 2.11441 2.5
    endloop
  endfacet
  facet normal -0.595697 -0.803209 0
    outer loop
      vertex 1.46243 0.907959 0
      vertex 1.77773 0.674118 2.5
      vertex 1.46243 0.907959 2.5
    endloop
  endfacet
  facet normal -0.595697 -0.803209 -0
    outer loop
      vertex 1.77773 0.674118 2.5
      vertex 1.46243 0.907959 0
      vertex 1.77773 0.674118 0
    endloop
  endfacet
  facet normal -0.146742 -0.989175 0
    outer loop
      vertex 3.21964 0.0768585 0
      vertex 3.60793 0.0192566 2.5
      vertex 3.21964 0.0768585 2.5
    endloop
  endfacet
  facet normal -0.146742 -0.989175 -0
    outer loop
      vertex 3.60793 0.0192566 2.5
      vertex 3.21964 0.0768585 0
      vertex 3.60793 0.0192566 0
    endloop
  endfacet
  facet normal -0.427546 -0.903994 0
    outer loop
      vertex 2.11441 0.472321 0
      vertex 2.46927 0.304489 2.5
      vertex 2.11441 0.472321 2.5
    endloop
  endfacet
  facet normal -0.427546 -0.903994 -0
    outer loop
      vertex 2.46927 0.304489 2.5
      vertex 2.11441 0.472321 0
      vertex 2.46927 0.304489 0
    endloop
  endfacet
  facet normal -0.336897 -0.941542 0
    outer loop
      vertex 2.46927 0.304489 0
      vertex 2.83887 0.172241 2.5
      vertex 2.46927 0.304489 2.5
    endloop
  endfacet
  facet normal -0.336897 -0.941542 -0
    outer loop
      vertex 2.83887 0.172241 2.5
      vertex 2.46927 0.304489 0
      vertex 2.83887 0.172241 0
    endloop
  endfacet
  facet normal -0.595794 0.803137 0
    outer loop
      vertex 1.77773 54.3259 0
      vertex 1.46243 54.092 2.5
      vertex 1.77773 54.3259 2.5
    endloop
  endfacet
  facet normal -0.595794 0.803137 0
    outer loop
      vertex 1.46243 54.092 2.5
      vertex 1.77773 54.3259 0
      vertex 1.46243 54.092 0
    endloop
  endfacet
  facet normal -0.941542 0.336897 0
    outer loop
      vertex 0.172241 52.1611 0
      vertex 0.304489 52.5307 2.5
      vertex 0.304489 52.5307 0
    endloop
  endfacet
  facet normal -0.941542 0.336897 0
    outer loop
      vertex 0.304489 52.5307 2.5
      vertex 0.172241 52.1611 0
      vertex 0.172241 52.1611 2.5
    endloop
  endfacet
  facet normal -0.740894 0.671622 0
    outer loop
      vertex 0.907959 53.5376 0
      vertex 1.17157 53.8284 2.5
      vertex 1.17157 53.8284 0
    endloop
  endfacet
  facet normal -0.740894 0.671622 0
    outer loop
      vertex 1.17157 53.8284 2.5
      vertex 0.907959 53.5376 0
      vertex 0.907959 53.5376 2.5
    endloop
  endfacet
  facet normal -0.803209 0.595697 0
    outer loop
      vertex 0.674118 53.2223 0
      vertex 0.907959 53.5376 2.5
      vertex 0.907959 53.5376 0
    endloop
  endfacet
  facet normal -0.803209 0.595697 0
    outer loop
      vertex 0.907959 53.5376 2.5
      vertex 0.674118 53.2223 0
      vertex 0.674118 53.2223 2.5
    endloop
  endfacet
  facet normal 0.74047 -0.67209 0
    outer loop
      vertex 123.828 1.17157 2.5
      vertex 124.092 1.46243 0
      vertex 124.092 1.46243 2.5
    endloop
  endfacet
  facet normal 0.74047 -0.67209 0
    outer loop
      vertex 124.092 1.46243 0
      vertex 123.828 1.17157 2.5
      vertex 123.828 1.17157 0
    endloop
  endfacet
  facet normal 0.427408 -0.904059 0
    outer loop
      vertex 122.531 0.304489 0
      vertex 122.886 0.472321 2.5
      vertex 122.531 0.304489 2.5
    endloop
  endfacet
  facet normal 0.427408 -0.904059 0
    outer loop
      vertex 122.886 0.472321 2.5
      vertex 122.531 0.304489 0
      vertex 122.886 0.472321 0
    endloop
  endfacet
  facet normal 0.941742 -0.336336 0
    outer loop
      vertex 124.696 2.46927 2.5
      vertex 124.828 2.83887 0
      vertex 124.828 2.83887 2.5
    endloop
  endfacet
  facet normal 0.941742 -0.336336 0
    outer loop
      vertex 124.828 2.83887 0
      vertex 124.696 2.46927 2.5
      vertex 124.696 2.46927 0
    endloop
  endfacet
  facet normal 0.970258 -0.242074 0
    outer loop
      vertex 124.828 2.83887 2.5
      vertex 124.923 3.21964 0
      vertex 124.923 3.21964 2.5
    endloop
  endfacet
  facet normal 0.970258 -0.242074 0
    outer loop
      vertex 124.923 3.21964 0
      vertex 124.828 2.83887 2.5
      vertex 124.828 2.83887 0
    endloop
  endfacet
  facet normal 0.803015 0.595958 0
    outer loop
      vertex 124.326 53.2223 2.5
      vertex 124.092 53.5376 0
      vertex 124.092 53.5376 2.5
    endloop
  endfacet
  facet normal 0.803015 0.595958 0
    outer loop
      vertex 124.092 53.5376 0
      vertex 124.326 53.2223 2.5
      vertex 124.326 53.2223 0
    endloop
  endfacet
  facet normal 0.989028 0.14773 0
    outer loop
      vertex 124.981 51.3921 2.5
      vertex 124.923 51.7804 0
      vertex 124.923 51.7804 2.5
    endloop
  endfacet
  facet normal 0.989028 0.14773 0
    outer loop
      vertex 124.923 51.7804 0
      vertex 124.981 51.3921 2.5
      vertex 124.981 51.3921 0
    endloop
  endfacet
  facet normal 0.998828 0.0484002 0
    outer loop
      vertex 125 51 2.5
      vertex 124.981 51.3921 0
      vertex 124.981 51.3921 2.5
    endloop
  endfacet
  facet normal 0.998828 0.0484002 0
    outer loop
      vertex 124.981 51.3921 0
      vertex 125 51 2.5
      vertex 125 51 0
    endloop
  endfacet
  facet normal -0.904012 0.427507 0
    outer loop
      vertex 0.304489 52.5307 0
      vertex 0.472321 52.8856 2.5
      vertex 0.472321 52.8856 0
    endloop
  endfacet
  facet normal -0.904012 0.427507 0
    outer loop
      vertex 0.472321 52.8856 2.5
      vertex 0.304489 52.5307 0
      vertex 0.304489 52.5307 2.5
    endloop
  endfacet
  facet normal 0.857515 0.514458 0
    outer loop
      vertex 124.528 52.8856 2.5
      vertex 124.326 53.2223 0
      vertex 124.326 53.2223 2.5
    endloop
  endfacet
  facet normal 0.857515 0.514458 0
    outer loop
      vertex 124.326 53.2223 0
      vertex 124.528 52.8856 2.5
      vertex 124.528 52.8856 0
    endloop
  endfacet
  facet normal 0.941742 0.336336 0
    outer loop
      vertex 124.828 52.1611 2.5
      vertex 124.696 52.5307 0
      vertex 124.696 52.5307 2.5
    endloop
  endfacet
  facet normal 0.941742 0.336336 0
    outer loop
      vertex 124.696 52.5307 0
      vertex 124.828 52.1611 2.5
      vertex 124.828 52.1611 0
    endloop
  endfacet
  facet normal 0.903847 0.427856 0
    outer loop
      vertex 124.696 52.5307 2.5
      vertex 124.528 52.8856 0
      vertex 124.528 52.8856 2.5
    endloop
  endfacet
  facet normal 0.903847 0.427856 0
    outer loop
      vertex 124.528 52.8856 0
      vertex 124.696 52.5307 2.5
      vertex 124.696 52.5307 0
    endloop
  endfacet
  facet normal 0 0 -1
    outer loop
      vertex 58.4481 28.0983 0.6
      vertex 62.9007 20.6552 0.6
      vertex 60.062 20.6552 0.6
    endloop
  endfacet
  facet normal 0 0 -1
    outer loop
      vertex 62.9007 20.6552 0.6
      vertex 58.4481 28.0983 0.6
      vertex 59.4449 34.0319 0.6
    endloop
  endfacet
  facet normal 0 0 -1
    outer loop
      vertex 57.945 30.2818 0.6
      vertex 59.4449 34.0319 0.6
      vertex 58.4481 28.0983 0.6
    endloop
  endfacet
  facet normal 0 0 -1
    outer loop
      vertex 57.7077 31.3831 0.6
      vertex 59.4449 34.0319 0.6
      vertex 57.945 30.2818 0.6
    endloop
  endfacet
  facet normal 0 0 -1
    outer loop
      vertex 56.1222 34.0319 0.6
      vertex 57.6056 30.7834 0.6
      vertex 57.5103 30.2335 0.6
    endloop
  endfacet
  facet normal 0 0 -1
    outer loop
      vertex 56.1222 34.0319 0.6
      vertex 57.5103 30.2335 0.6
      vertex 57.4218 29.7333 0.6
    endloop
  endfacet
  facet normal 0 0 -1
    outer loop
      vertex 54.3089 26.2945 0.6
      vertex 57.4218 29.7333 0.6
      vertex 57.3401 29.2828 0.6
    endloop
  endfacet
  facet normal 0 0 -1
    outer loop
      vertex 54.3089 26.2945 0.6
      vertex 57.3401 29.2828 0.6
      vertex 57.2652 28.8819 0.6
    endloop
  endfacet
  facet normal 0 0 -1
    outer loop
      vertex 54.3089 26.2945 0.6
      vertex 57.2652 28.8819 0.6
      vertex 57.1971 28.5308 0.6
    endloop
  endfacet
  facet normal 0 0 -1
    outer loop
      vertex 54.3089 26.2945 0.6
      vertex 57.1971 28.5308 0.6
      vertex 57.1358 28.2294 0.6
    endloop
  endfacet
  facet normal 0 0 -1
    outer loop
      vertex 54.3089 26.2945 0.6
      vertex 57.1358 28.2294 0.6
      vertex 57.0813 27.9776 0.6
    endloop
  endfacet
  facet normal 0 0 -1
    outer loop
      vertex 54.3089 26.2945 0.6
      vertex 57.0813 27.9776 0.6
      vertex 57.0336 27.7755 0.6
    endloop
  endfacet
  facet normal 0 0 -1
    outer loop
      vertex 57.7077 31.3831 0.6
      vertex 56.1222 34.0319 0.6
      vertex 59.4449 34.0319 0.6
    endloop
  endfacet
  facet normal -0 0 -1
    outer loop
      vertex 57.4218 29.7333 0.6
      vertex 54.3089 26.2945 0.6
      vertex 56.1222 34.0319 0.6
    endloop
  endfacet
  facet normal 0 0 -1
    outer loop
      vertex 53.9719 24.7374 0.6
      vertex 57.0336 27.7755 0.6
      vertex 55.3436 20.6552 0.6
    endloop
  endfacet
  facet normal 0 0 -1
    outer loop
      vertex 57.6056 30.7834 0.6
      vertex 56.1222 34.0319 0.6
      vertex 57.7077 31.3831 0.6
    endloop
  endfacet
  facet normal 0 0 -1
    outer loop
      vertex 57.0336 27.7755 0.6
      vertex 54.2363 25.9892 0.6
      vertex 54.3089 26.2945 0.6
    endloop
  endfacet
  facet normal 0 0 -1
    outer loop
      vertex 57.0336 27.7755 0.6
      vertex 54.1663 25.6808 0.6
      vertex 54.2363 25.9892 0.6
    endloop
  endfacet
  facet normal 0 0 -1
    outer loop
      vertex 57.0336 27.7755 0.6
      vertex 54.0989 25.3694 0.6
      vertex 54.1663 25.6808 0.6
    endloop
  endfacet
  facet normal 0 0 -1
    outer loop
      vertex 57.0336 27.7755 0.6
      vertex 54.0341 25.0549 0.6
      vertex 54.0989 25.3694 0.6
    endloop
  endfacet
  facet normal 0 0 -1
    outer loop
      vertex 57.0336 27.7755 0.6
      vertex 53.9719 24.7374 0.6
      vertex 54.0341 25.0549 0.6
    endloop
  endfacet
  facet normal 0 0 -1
    outer loop
      vertex 55.3436 20.6552 0.6
      vertex 53.9122 24.4168 0.6
      vertex 53.9719 24.7374 0.6
    endloop
  endfacet
  facet normal 0 0 -1
    outer loop
      vertex 55.3436 20.6552 0.6
      vertex 53.8551 24.0932 0.6
      vertex 53.9122 24.4168 0.6
    endloop
  endfacet
  facet normal 0 0 -1
    outer loop
      vertex 55.3436 20.6552 0.6
      vertex 53.8007 23.7665 0.6
      vertex 53.8551 24.0932 0.6
    endloop
  endfacet
  facet normal 0 0 -1
    outer loop
      vertex 55.3436 20.6552 0.6
      vertex 53.7487 23.4368 0.6
      vertex 53.8007 23.7665 0.6
    endloop
  endfacet
  facet normal 0 0 -1
    outer loop
      vertex 51.5495 23.4824 0.6
      vertex 53.6992 23.7059 0.6
      vertex 53.7487 23.4368 0.6
    endloop
  endfacet
  facet normal -0 0 -1
    outer loop
      vertex 53.6992 23.7059 0.6
      vertex 51.5495 23.4824 0.6
      vertex 53.6517 23.9603 0.6
    endloop
  endfacet
  facet normal -0 0 -1
    outer loop
      vertex 53.6517 23.9603 0.6
      vertex 51.5495 23.4824 0.6
      vertex 53.6063 24.2001 0.6
    endloop
  endfacet
  facet normal -0 0 -1
    outer loop
      vertex 53.6063 24.2001 0.6
      vertex 51.5495 23.4824 0.6
      vertex 53.563 24.4252 0.6
    endloop
  endfacet
  facet normal -0 0 -1
    outer loop
      vertex 53.563 24.4252 0.6
      vertex 51.5495 23.4824 0.6
      vertex 53.5219 24.6356 0.6
    endloop
  endfacet
  facet normal 0 0 -1
    outer loop
      vertex 51.2703 24.6811 0.6
      vertex 53.5219 24.6356 0.6
      vertex 51.5495 23.4824 0.6
    endloop
  endfacet
  facet normal 0 0 -1
    outer loop
      vertex 53.5219 24.6356 0.6
      vertex 51.2703 24.6811 0.6
      vertex 53.4829 24.8314 0.6
    endloop
  endfacet
  facet normal -0 0 -1
    outer loop
      vertex 53.4829 24.8314 0.6
      vertex 51.2703 24.6811 0.6
      vertex 53.446 25.0126 0.6
    endloop
  endfacet
  facet normal -0 0 -1
    outer loop
      vertex 53.446 25.0126 0.6
      vertex 51.2703 24.6811 0.6
      vertex 53.4111 25.179 0.6
    endloop
  endfacet
  facet normal -0 0 -1
    outer loop
      vertex 53.4111 25.179 0.6
      vertex 51.2703 24.6811 0.6
      vertex 53.3784 25.3309 0.6
    endloop
  endfacet
  facet normal 0 0 -1
    outer loop
      vertex 51.0255 25.7363 0.6
      vertex 53.3254 25.5668 0.6
      vertex 51.2703 24.6811 0.6
    endloop
  endfacet
  facet normal 0 0 -1
    outer loop
      vertex 53.3254 25.5668 0.6
      vertex 51.0255 25.7363 0.6
      vertex 53.2294 25.9854 0.6
    endloop
  endfacet
  facet normal -0 0 -1
    outer loop
      vertex 53.2294 25.9854 0.6
      vertex 51.0255 25.7363 0.6
      vertex 53.0905 26.5867 0.6
    endloop
  endfacet
  facet normal 0 0 -1
    outer loop
      vertex 53.0905 26.5867 0.6
      vertex 50.8151 26.6483 0.6
      vertex 52.9087 27.3707 0.6
    endloop
  endfacet
  facet normal 0 0 -1
    outer loop
      vertex 52.2107 20.6552 0.6
      vertex 53.7487 23.4368 0.6
      vertex 55.3436 20.6552 0.6
    endloop
  endfacet
  facet normal 0 0 -1
    outer loop
      vertex 51.8629 22.1405 0.6
      vertex 53.7487 23.4368 0.6
      vertex 52.2107 20.6552 0.6
    endloop
  endfacet
  facet normal 0 0 -1
    outer loop
      vertex 51.5495 23.4824 0.6
      vertex 53.7487 23.4368 0.6
      vertex 51.8629 22.1405 0.6
    endloop
  endfacet
  facet normal -0 0 -1
    outer loop
      vertex 53.3784 25.3309 0.6
      vertex 51.2703 24.6811 0.6
      vertex 53.3254 25.5668 0.6
    endloop
  endfacet
  facet normal 0 0 -1
    outer loop
      vertex 50.8151 26.6483 0.6
      vertex 53.0905 26.5867 0.6
      vertex 51.0255 25.7363 0.6
    endloop
  endfacet
  facet normal 0 0 -1
    outer loop
      vertex 50.639 27.4169 0.6
      vertex 52.9087 27.3707 0.6
      vertex 50.8151 26.6483 0.6
    endloop
  endfacet
  facet normal 0 0 -1
    outer loop
      vertex 52.9087 27.3707 0.6
      vertex 50.639 27.4169 0.6
      vertex 52.684 28.3375 0.6
    endloop
  endfacet
  facet normal 0 0 -1
    outer loop
      vertex 50.4972 28.0421 0.6
      vertex 52.684 28.3375 0.6
      vertex 50.639 27.4169 0.6
    endloop
  endfacet
  facet normal 0 0 -1
    outer loop
      vertex 50.3898 28.524 0.6
      vertex 52.684 28.3375 0.6
      vertex 50.4972 28.0421 0.6
    endloop
  endfacet
  facet normal 0 0 -1
    outer loop
      vertex 52.684 28.3375 0.6
      vertex 50.3898 28.524 0.6
      vertex 52.4164 29.487 0.6
    endloop
  endfacet
  facet normal 0 0 -1
    outer loop
      vertex 50.3167 28.8625 0.6
      vertex 52.4164 29.487 0.6
      vertex 50.3898 28.524 0.6
    endloop
  endfacet
  facet normal 0 0 -1
    outer loop
      vertex 50.2606 29.1308 0.6
      vertex 52.4164 29.487 0.6
      vertex 50.3167 28.8625 0.6
    endloop
  endfacet
  facet normal 0 0 -1
    outer loop
      vertex 50.2041 29.4021 0.6
      vertex 52.4164 29.487 0.6
      vertex 50.2606 29.1308 0.6
    endloop
  endfacet
  facet normal 0 0 -1
    outer loop
      vertex 50.1474 29.6763 0.6
      vertex 52.4164 29.487 0.6
      vertex 50.2041 29.4021 0.6
    endloop
  endfacet
  facet normal 0 0 -1
    outer loop
      vertex 52.4164 29.487 0.6
      vertex 50.1474 29.6763 0.6
      vertex 52.106 30.8192 0.6
    endloop
  endfacet
  facet normal 0 0 -1
    outer loop
      vertex 50.0902 29.9534 0.6
      vertex 52.106 30.8192 0.6
      vertex 50.1474 29.6763 0.6
    endloop
  endfacet
  facet normal 0 0 -1
    outer loop
      vertex 50.0327 30.2335 0.6
      vertex 52.106 30.8192 0.6
      vertex 50.0902 29.9534 0.6
    endloop
  endfacet
  facet normal 0 0 -1
    outer loop
      vertex 49.9749 30.5165 0.6
      vertex 52.106 30.8192 0.6
      vertex 50.0327 30.2335 0.6
    endloop
  endfacet
  facet normal 0 0 -1
    outer loop
      vertex 49.9167 30.8024 0.6
      vertex 52.106 30.8192 0.6
      vertex 49.9749 30.5165 0.6
    endloop
  endfacet
  facet normal 0 0 -1
    outer loop
      vertex 49.8582 31.0913 0.6
      vertex 52.106 30.8192 0.6
      vertex 49.9167 30.8024 0.6
    endloop
  endfacet
  facet normal 0 0 -1
    outer loop
      vertex 52.106 30.8192 0.6
      vertex 49.8582 31.0913 0.6
      vertex 51.7526 32.3342 0.6
    endloop
  endfacet
  facet normal 0 0 -1
    outer loop
      vertex 49.7993 31.3831 0.6
      vertex 51.7526 32.3342 0.6
      vertex 49.8582 31.0913 0.6
    endloop
  endfacet
  facet normal -0 0 -1
    outer loop
      vertex 51.7526 32.3342 0.6
      vertex 49.7993 31.3831 0.6
      vertex 51.3563 34.0319 0.6
    endloop
  endfacet
  facet normal 0 0 -1
    outer loop
      vertex 49.7993 31.3831 0.6
      vertex 48.0335 34.0319 0.6
      vertex 51.3563 34.0319 0.6
    endloop
  endfacet
  facet normal 0 0 -1
    outer loop
      vertex 49.3625 29.2945 0.6
      vertex 48.0335 34.0319 0.6
      vertex 49.7993 31.3831 0.6
    endloop
  endfacet
  facet normal 0 0 -1
    outer loop
      vertex 44.5873 20.6552 0.6
      vertex 49.3625 29.2945 0.6
      vertex 47.4259 20.6552 0.6
    endloop
  endfacet
  facet normal -0 0 -1
    outer loop
      vertex 49.3625 29.2945 0.6
      vertex 44.5873 20.6552 0.6
      vertex 48.0335 34.0319 0.6
    endloop
  endfacet
  facet normal -0 0 -1
    outer loop
      vertex 74.9716 34.0319 0.6
      vertex 71.0127 30.614 0.6
      vertex 72.1995 34.0319 0.6
    endloop
  endfacet
  facet normal 0 0 -1
    outer loop
      vertex 74.9716 34.0319 0.6
      vertex 70.3861 28.5065 0.6
      vertex 71.0127 30.614 0.6
    endloop
  endfacet
  facet normal 0 0 -1
    outer loop
      vertex 70.1108 20.6552 0.6
      vertex 70.3861 28.5065 0.6
      vertex 74.9716 34.0319 0.6
    endloop
  endfacet
  facet normal 0 0 -1
    outer loop
      vertex 70.1108 20.6552 0.6
      vertex 69.0664 24.6615 0.6
      vertex 70.3861 28.5065 0.6
    endloop
  endfacet
  facet normal 0 0 -1
    outer loop
      vertex 70.1108 20.6552 0.6
      vertex 68.6583 23.3705 0.6
      vertex 69.0664 24.6615 0.6
    endloop
  endfacet
  facet normal 0 0 -1
    outer loop
      vertex 70.1108 20.6552 0.6
      vertex 68.4588 22.7153 0.6
      vertex 68.6583 23.3705 0.6
    endloop
  endfacet
  facet normal 0 0 -1
    outer loop
      vertex 66.807 20.6552 0.6
      vertex 68.402 22.9241 0.6
      vertex 68.4588 22.7153 0.6
    endloop
  endfacet
  facet normal -0 0 -1
    outer loop
      vertex 68.402 22.9241 0.6
      vertex 66.807 20.6552 0.6
      vertex 68.3804 23.0013 0.6
    endloop
  endfacet
  facet normal -0 0 -1
    outer loop
      vertex 68.3804 23.0013 0.6
      vertex 66.807 20.6552 0.6
      vertex 68.3579 23.0808 0.6
    endloop
  endfacet
  facet normal -0 0 -1
    outer loop
      vertex 68.3579 23.0808 0.6
      vertex 66.807 20.6552 0.6
      vertex 68.3344 23.1626 0.6
    endloop
  endfacet
  facet normal -0 0 -1
    outer loop
      vertex 68.3344 23.1626 0.6
      vertex 66.807 20.6552 0.6
      vertex 68.31 23.2468 0.6
    endloop
  endfacet
  facet normal -0 0 -1
    outer loop
      vertex 68.31 23.2468 0.6
      vertex 66.807 20.6552 0.6
      vertex 68.2847 23.3333 0.6
    endloop
  endfacet
  facet normal -0 0 -1
    outer loop
      vertex 68.2847 23.3333 0.6
      vertex 66.807 20.6552 0.6
      vertex 68.2585 23.4221 0.6
    endloop
  endfacet
  facet normal -0 0 -1
    outer loop
      vertex 68.2585 23.4221 0.6
      vertex 66.807 20.6552 0.6
      vertex 68.2313 23.5133 0.6
    endloop
  endfacet
  facet normal -0 0 -1
    outer loop
      vertex 68.2313 23.5133 0.6
      vertex 66.807 20.6552 0.6
      vertex 68.2031 23.6068 0.6
    endloop
  endfacet
  facet normal -0 0 -1
    outer loop
      vertex 68.2031 23.6068 0.6
      vertex 66.807 20.6552 0.6
      vertex 68.1741 23.7027 0.6
    endloop
  endfacet
  facet normal -0 0 -1
    outer loop
      vertex 68.1741 23.7027 0.6
      vertex 66.807 20.6552 0.6
      vertex 68.1277 23.8482 0.6
    endloop
  endfacet
  facet normal -0 0 -1
    outer loop
      vertex 68.1277 23.8482 0.6
      vertex 66.807 20.6552 0.6
      vertex 68.0475 24.0909 0.6
    endloop
  endfacet
  facet normal -0 0 -1
    outer loop
      vertex 68.0475 24.0909 0.6
      vertex 66.807 20.6552 0.6
      vertex 67.9336 24.4305 0.6
    endloop
  endfacet
  facet normal -0 0 -1
    outer loop
      vertex 67.9336 24.4305 0.6
      vertex 66.807 20.6552 0.6
      vertex 67.7859 24.8672 0.6
    endloop
  endfacet
  facet normal -0 0 -1
    outer loop
      vertex 67.7859 24.8672 0.6
      vertex 66.807 20.6552 0.6
      vertex 67.6045 25.401 0.6
    endloop
  endfacet
  facet normal -0 0 -1
    outer loop
      vertex 67.6045 25.401 0.6
      vertex 66.807 20.6552 0.6
      vertex 67.3893 26.0318 0.6
    endloop
  endfacet
  facet normal -0 0 -1
    outer loop
      vertex 67.3893 26.0318 0.6
      vertex 66.807 20.6552 0.6
      vertex 67.1403 26.7596 0.6
    endloop
  endfacet
  facet normal 0 0 -1
    outer loop
      vertex 66.807 20.6552 0.6
      vertex 68.4588 22.7153 0.6
      vertex 70.1108 20.6552 0.6
    endloop
  endfacet
  facet normal -0 0 -1
    outer loop
      vertex 67.1403 26.7596 0.6
      vertex 66.807 20.6552 0.6
      vertex 66.8576 27.5845 0.6
    endloop
  endfacet
  facet normal 0 0 -1
    outer loop
      vertex 66.807 20.6552 0.6
      vertex 66.5411 28.5065 0.6
      vertex 66.8576 27.5845 0.6
    endloop
  endfacet
  facet normal 0 0 -1
    outer loop
      vertex 61.9272 34.0319 0.6
      vertex 66.5411 28.5065 0.6
      vertex 66.807 20.6552 0.6
    endloop
  endfacet
  facet normal 0 0 -1
    outer loop
      vertex 66.5411 28.5065 0.6
      vertex 61.9272 34.0319 0.6
      vertex 65.9146 30.614 0.6
    endloop
  endfacet
  facet normal 0 0 -1
    outer loop
      vertex 65.9146 30.614 0.6
      vertex 61.9272 34.0319 0.6
      vertex 64.7278 34.0319 0.6
    endloop
  endfacet
  facet normal 0 0 -1
    outer loop
      vertex 66.5411 28.5065 0.6
      vertex 71.0127 30.614 0.6
      vertex 70.3861 28.5065 0.6
    endloop
  endfacet
  facet normal -0 0 -1
    outer loop
      vertex 71.0127 30.614 0.6
      vertex 66.5411 28.5065 0.6
      vertex 65.9146 30.614 0.6
    endloop
  endfacet
  facet normal 0 0 -1
    outer loop
      vertex 76.4566 20.6552 0.6
      vertex 79.2573 34.0319 0.6
      vertex 79.2573 20.6552 0.6
    endloop
  endfacet
  facet normal -0 0 -1
    outer loop
      vertex 79.2573 34.0319 0.6
      vertex 76.4566 20.6552 0.6
      vertex 76.4566 34.0319 0.6
    endloop
  endfacet
  facet normal -0.973855 -0.227169 0
    outer loop
      vertex 52.106 30.8192 0
      vertex 51.7526 32.3342 0.6
      vertex 51.7526 32.3342 0
    endloop
  endfacet
  facet normal -0.973855 -0.227169 0
    outer loop
      vertex 51.7526 32.3342 0.6
      vertex 52.106 30.8192 0
      vertex 52.106 30.8192 0.6
    endloop
  endfacet
  facet normal -0.973913 -0.22692 0
    outer loop
      vertex 52.4164 29.487 0
      vertex 52.106 30.8192 0.6
      vertex 52.106 30.8192 0
    endloop
  endfacet
  facet normal -0.973913 -0.22692 0
    outer loop
      vertex 52.106 30.8192 0.6
      vertex 52.4164 29.487 0
      vertex 52.4164 29.487 0.6
    endloop
  endfacet
  facet normal -0.973957 -0.226734 0
    outer loop
      vertex 52.684 28.3375 0
      vertex 52.4164 29.487 0.6
      vertex 52.4164 29.487 0
    endloop
  endfacet
  facet normal -0.973957 -0.226734 0
    outer loop
      vertex 52.4164 29.487 0.6
      vertex 52.684 28.3375 0
      vertex 52.684 28.3375 0.6
    endloop
  endfacet
  facet normal -0.974039 -0.226382 0
    outer loop
      vertex 52.9087 27.3707 0
      vertex 52.684 28.3375 0.6
      vertex 52.684 28.3375 0
    endloop
  endfacet
  facet normal -0.974039 -0.226382 0
    outer loop
      vertex 52.684 28.3375 0.6
      vertex 52.9087 27.3707 0
      vertex 52.9087 27.3707 0.6
    endloop
  endfacet
  facet normal -0.974152 -0.225894 0
    outer loop
      vertex 53.0905 26.5867 0
      vertex 52.9087 27.3707 0.6
      vertex 52.9087 27.3707 0
    endloop
  endfacet
  facet normal -0.974152 -0.225894 0
    outer loop
      vertex 52.9087 27.3707 0.6
      vertex 53.0905 26.5867 0
      vertex 53.0905 26.5867 0.6
    endloop
  endfacet
  facet normal -0.974342 -0.225073 0
    outer loop
      vertex 53.2294 25.9854 0
      vertex 53.0905 26.5867 0.6
      vertex 53.0905 26.5867 0
    endloop
  endfacet
  facet normal -0.974342 -0.225073 0
    outer loop
      vertex 53.0905 26.5867 0.6
      vertex 53.2294 25.9854 0
      vertex 53.2294 25.9854 0.6
    endloop
  endfacet
  facet normal -0.974696 -0.223533 0
    outer loop
      vertex 53.3254 25.5668 0
      vertex 53.2294 25.9854 0.6
      vertex 53.2294 25.9854 0
    endloop
  endfacet
  facet normal -0.974696 -0.223533 0
    outer loop
      vertex 53.2294 25.9854 0.6
      vertex 53.3254 25.5668 0
      vertex 53.3254 25.5668 0.6
    endloop
  endfacet
  facet normal -0.975678 -0.219207 0
    outer loop
      vertex 53.3784 25.3309 0
      vertex 53.3254 25.5668 0.6
      vertex 53.3254 25.5668 0
    endloop
  endfacet
  facet normal -0.975678 -0.219207 0
    outer loop
      vertex 53.3254 25.5668 0.6
      vertex 53.3784 25.3309 0
      vertex 53.3784 25.3309 0.6
    endloop
  endfacet
  facet normal -0.977604 -0.210452 0
    outer loop
      vertex 53.4111 25.179 0
      vertex 53.3784 25.3309 0.6
      vertex 53.3784 25.3309 0
    endloop
  endfacet
  facet normal -0.977604 -0.210452 0
    outer loop
      vertex 53.3784 25.3309 0.6
      vertex 53.4111 25.179 0
      vertex 53.4111 25.179 0.6
    endloop
  endfacet
  facet normal -0.978706 -0.205269 0
    outer loop
      vertex 53.446 25.0126 0
      vertex 53.4111 25.179 0.6
      vertex 53.4111 25.179 0
    endloop
  endfacet
  facet normal -0.978706 -0.205269 0
    outer loop
      vertex 53.4111 25.179 0.6
      vertex 53.446 25.0126 0
      vertex 53.446 25.0126 0.6
    endloop
  endfacet
  facet normal -0.979888 -0.199547 0
    outer loop
      vertex 53.4829 24.8314 0
      vertex 53.446 25.0126 0.6
      vertex 53.446 25.0126 0
    endloop
  endfacet
  facet normal -0.979888 -0.199547 0
    outer loop
      vertex 53.446 25.0126 0.6
      vertex 53.4829 24.8314 0
      vertex 53.4829 24.8314 0.6
    endloop
  endfacet
  facet normal -0.980734 -0.195345 0
    outer loop
      vertex 53.5219 24.6356 0
      vertex 53.4829 24.8314 0.6
      vertex 53.4829 24.8314 0
    endloop
  endfacet
  facet normal -0.980734 -0.195345 0
    outer loop
      vertex 53.4829 24.8314 0.6
      vertex 53.5219 24.6356 0
      vertex 53.5219 24.6356 0.6
    endloop
  endfacet
  facet normal -0.98145 -0.191719 0
    outer loop
      vertex 53.563 24.4252 0
      vertex 53.5219 24.6356 0.6
      vertex 53.5219 24.6356 0
    endloop
  endfacet
  facet normal -0.98145 -0.191719 0
    outer loop
      vertex 53.5219 24.6356 0.6
      vertex 53.563 24.4252 0
      vertex 53.563 24.4252 0.6
    endloop
  endfacet
  facet normal -0.981997 -0.188896 0
    outer loop
      vertex 53.6063 24.2001 0
      vertex 53.563 24.4252 0.6
      vertex 53.563 24.4252 0
    endloop
  endfacet
  facet normal -0.981997 -0.188896 0
    outer loop
      vertex 53.563 24.4252 0.6
      vertex 53.6063 24.2001 0
      vertex 53.6063 24.2001 0.6
    endloop
  endfacet
  facet normal -0.982546 -0.18602 0
    outer loop
      vertex 53.6517 23.9603 0
      vertex 53.6063 24.2001 0.6
      vertex 53.6063 24.2001 0
    endloop
  endfacet
  facet normal -0.982546 -0.18602 0
    outer loop
      vertex 53.6063 24.2001 0.6
      vertex 53.6517 23.9603 0
      vertex 53.6517 23.9603 0.6
    endloop
  endfacet
  facet normal -0.983012 -0.183542 0
    outer loop
      vertex 53.6992 23.7059 0
      vertex 53.6517 23.9603 0.6
      vertex 53.6517 23.9603 0
    endloop
  endfacet
  facet normal -0.983012 -0.183542 0
    outer loop
      vertex 53.6517 23.9603 0.6
      vertex 53.6992 23.7059 0
      vertex 53.6992 23.7059 0.6
    endloop
  endfacet
  facet normal -0.983499 -0.180911 0
    outer loop
      vertex 53.7487 23.4368 0
      vertex 53.6992 23.7059 0.6
      vertex 53.6992 23.7059 0
    endloop
  endfacet
  facet normal -0.983499 -0.180911 0
    outer loop
      vertex 53.6992 23.7059 0.6
      vertex 53.7487 23.4368 0
      vertex 53.7487 23.4368 0.6
    endloop
  endfacet
  facet normal 0.98779 -0.155793 0
    outer loop
      vertex 53.7487 23.4368 0.6
      vertex 53.8007 23.7665 0
      vertex 53.8007 23.7665 0.6
    endloop
  endfacet
  facet normal 0.98779 -0.155793 0
    outer loop
      vertex 53.8007 23.7665 0
      vertex 53.7487 23.4368 0.6
      vertex 53.7487 23.4368 0
    endloop
  endfacet
  facet normal 0.986418 -0.164252 0
    outer loop
      vertex 53.8007 23.7665 0.6
      vertex 53.8551 24.0932 0
      vertex 53.8551 24.0932 0.6
    endloop
  endfacet
  facet normal 0.986418 -0.164252 0
    outer loop
      vertex 53.8551 24.0932 0
      vertex 53.8007 23.7665 0.6
      vertex 53.8007 23.7665 0
    endloop
  endfacet
  facet normal 0.984787 -0.173768 0
    outer loop
      vertex 53.8551 24.0932 0.6
      vertex 53.9122 24.4168 0
      vertex 53.9122 24.4168 0.6
    endloop
  endfacet
  facet normal 0.984787 -0.173768 0
    outer loop
      vertex 53.9122 24.4168 0
      vertex 53.8551 24.0932 0.6
      vertex 53.8551 24.0932 0
    endloop
  endfacet
  facet normal 0.983101 -0.183066 0
    outer loop
      vertex 53.9122 24.4168 0.6
      vertex 53.9719 24.7374 0
      vertex 53.9719 24.7374 0.6
    endloop
  endfacet
  facet normal 0.983101 -0.183066 0
    outer loop
      vertex 53.9719 24.7374 0
      vertex 53.9122 24.4168 0.6
      vertex 53.9122 24.4168 0
    endloop
  endfacet
  facet normal 0.981346 -0.192251 0
    outer loop
      vertex 53.9719 24.7374 0.6
      vertex 54.0341 25.0549 0
      vertex 54.0341 25.0549 0.6
    endloop
  endfacet
  facet normal 0.981346 -0.192251 0
    outer loop
      vertex 54.0341 25.0549 0
      vertex 53.9719 24.7374 0.6
      vertex 53.9719 24.7374 0
    endloop
  endfacet
  facet normal 0.979426 -0.201802 0
    outer loop
      vertex 54.0341 25.0549 0.6
      vertex 54.0989 25.3694 0
      vertex 54.0989 25.3694 0.6
    endloop
  endfacet
  facet normal 0.979426 -0.201802 0
    outer loop
      vertex 54.0989 25.3694 0
      vertex 54.0341 25.0549 0.6
      vertex 54.0341 25.0549 0
    endloop
  endfacet
  facet normal 0.977369 -0.211543 0
    outer loop
      vertex 54.0989 25.3694 0.6
      vertex 54.1663 25.6808 0
      vertex 54.1663 25.6808 0.6
    endloop
  endfacet
  facet normal 0.977369 -0.211543 0
    outer loop
      vertex 54.1663 25.6808 0
      vertex 54.0989 25.3694 0.6
      vertex 54.0989 25.3694 0
    endloop
  endfacet
  facet normal 0.975195 -0.221348 0
    outer loop
      vertex 54.1663 25.6808 0.6
      vertex 54.2363 25.9892 0
      vertex 54.2363 25.9892 0.6
    endloop
  endfacet
  facet normal 0.975195 -0.221348 0
    outer loop
      vertex 54.2363 25.9892 0
      vertex 54.1663 25.6808 0.6
      vertex 54.1663 25.6808 0
    endloop
  endfacet
  facet normal 0.972871 -0.231348 0
    outer loop
      vertex 54.2363 25.9892 0.6
      vertex 54.3089 26.2945 0
      vertex 54.3089 26.2945 0.6
    endloop
  endfacet
  facet normal 0.972871 -0.231348 0
    outer loop
      vertex 54.3089 26.2945 0
      vertex 54.2363 25.9892 0.6
      vertex 54.2363 25.9892 0
    endloop
  endfacet
  facet normal 0.973621 -0.228173 0
    outer loop
      vertex 54.3089 26.2945 0.6
      vertex 56.1222 34.0319 0
      vertex 56.1222 34.0319 0.6
    endloop
  endfacet
  facet normal 0.973621 -0.228173 0
    outer loop
      vertex 56.1222 34.0319 0
      vertex 54.3089 26.2945 0.6
      vertex 54.3089 26.2945 0
    endloop
  endfacet
  facet normal 0 -1 0
    outer loop
      vertex 56.1222 34.0319 0
      vertex 59.4449 34.0319 0.6
      vertex 56.1222 34.0319 0.6
    endloop
  endfacet
  facet normal 0 -1 -0
    outer loop
      vertex 59.4449 34.0319 0.6
      vertex 56.1222 34.0319 0
      vertex 59.4449 34.0319 0
    endloop
  endfacet
  facet normal -0.968212 -0.250132 0
    outer loop
      vertex 62.9007 20.6552 0
      vertex 59.4449 34.0319 0.6
      vertex 59.4449 34.0319 0
    endloop
  endfacet
  facet normal -0.968212 -0.250132 0
    outer loop
      vertex 59.4449 34.0319 0.6
      vertex 62.9007 20.6552 0
      vertex 62.9007 20.6552 0.6
    endloop
  endfacet
  facet normal 0 1 -0
    outer loop
      vertex 62.9007 20.6552 0
      vertex 60.062 20.6552 0.6
      vertex 62.9007 20.6552 0.6
    endloop
  endfacet
  facet normal 0 1 0
    outer loop
      vertex 60.062 20.6552 0.6
      vertex 62.9007 20.6552 0
      vertex 60.062 20.6552 0
    endloop
  endfacet
  facet normal 0.97729 0.211907 0
    outer loop
      vertex 60.062 20.6552 0.6
      vertex 58.4481 28.0983 0
      vertex 58.4481 28.0983 0.6
    endloop
  endfacet
  facet normal 0.97729 0.211907 0
    outer loop
      vertex 58.4481 28.0983 0
      vertex 60.062 20.6552 0.6
      vertex 60.062 20.6552 0
    endloop
  endfacet
  facet normal 0.974468 0.224527 0
    outer loop
      vertex 58.4481 28.0983 0.6
      vertex 57.945 30.2818 0
      vertex 57.945 30.2818 0.6
    endloop
  endfacet
  facet normal 0.974468 0.224527 0
    outer loop
      vertex 57.945 30.2818 0
      vertex 58.4481 28.0983 0.6
      vertex 58.4481 28.0983 0
    endloop
  endfacet
  facet normal 0.977564 0.210638 0
    outer loop
      vertex 57.945 30.2818 0.6
      vertex 57.7077 31.3831 0
      vertex 57.7077 31.3831 0.6
    endloop
  endfacet
  facet normal 0.977564 0.210638 0
    outer loop
      vertex 57.7077 31.3831 0
      vertex 57.945 30.2818 0.6
      vertex 57.945 30.2818 0
    endloop
  endfacet
  facet normal -0.985815 0.167837 0
    outer loop
      vertex 57.6056 30.7834 0
      vertex 57.7077 31.3831 0.6
      vertex 57.7077 31.3831 0
    endloop
  endfacet
  facet normal -0.985815 0.167837 0
    outer loop
      vertex 57.7077 31.3831 0.6
      vertex 57.6056 30.7834 0
      vertex 57.6056 30.7834 0.6
    endloop
  endfacet
  facet normal -0.985313 0.170759 0
    outer loop
      vertex 57.5103 30.2335 0
      vertex 57.6056 30.7834 0.6
      vertex 57.6056 30.7834 0
    endloop
  endfacet
  facet normal -0.985313 0.170759 0
    outer loop
      vertex 57.6056 30.7834 0.6
      vertex 57.5103 30.2335 0
      vertex 57.5103 30.2335 0.6
    endloop
  endfacet
  facet normal -0.984706 0.174223 0
    outer loop
      vertex 57.4218 29.7333 0
      vertex 57.5103 30.2335 0.6
      vertex 57.5103 30.2335 0
    endloop
  endfacet
  facet normal -0.984706 0.174223 0
    outer loop
      vertex 57.5103 30.2335 0.6
      vertex 57.4218 29.7333 0
      vertex 57.4218 29.7333 0.6
    endloop
  endfacet
  facet normal -0.98395 0.178443 0
    outer loop
      vertex 57.3401 29.2828 0
      vertex 57.4218 29.7333 0.6
      vertex 57.4218 29.7333 0
    endloop
  endfacet
  facet normal -0.98395 0.178443 0
    outer loop
      vertex 57.4218 29.7333 0.6
      vertex 57.3401 29.2828 0
      vertex 57.3401 29.2828 0.6
    endloop
  endfacet
  facet normal -0.982991 0.183652 0
    outer loop
      vertex 57.2652 28.8819 0
      vertex 57.3401 29.2828 0.6
      vertex 57.3401 29.2828 0
    endloop
  endfacet
  facet normal -0.982991 0.183652 0
    outer loop
      vertex 57.3401 29.2828 0.6
      vertex 57.2652 28.8819 0
      vertex 57.2652 28.8819 0.6
    endloop
  endfacet
  facet normal -0.981704 0.190413 0
    outer loop
      vertex 57.1971 28.5308 0
      vertex 57.2652 28.8819 0.6
      vertex 57.2652 28.8819 0
    endloop
  endfacet
  facet normal -0.981704 0.190413 0
    outer loop
      vertex 57.2652 28.8819 0.6
      vertex 57.1971 28.5308 0
      vertex 57.1971 28.5308 0.6
    endloop
  endfacet
  facet normal -0.979938 0.199304 0
    outer loop
      vertex 57.1358 28.2294 0
      vertex 57.1971 28.5308 0.6
      vertex 57.1971 28.5308 0
    endloop
  endfacet
  facet normal -0.979938 0.199304 0
    outer loop
      vertex 57.1971 28.5308 0.6
      vertex 57.1358 28.2294 0
      vertex 57.1358 28.2294 0.6
    endloop
  endfacet
  facet normal -0.977369 0.211543 0
    outer loop
      vertex 57.0813 27.9776 0
      vertex 57.1358 28.2294 0.6
      vertex 57.1358 28.2294 0
    endloop
  endfacet
  facet normal -0.977369 0.211543 0
    outer loop
      vertex 57.1358 28.2294 0.6
      vertex 57.0813 27.9776 0
      vertex 57.0813 27.9776 0.6
    endloop
  endfacet
  facet normal -0.973259 0.22971 0
    outer loop
      vertex 57.0336 27.7755 0
      vertex 57.0813 27.9776 0.6
      vertex 57.0813 27.9776 0
    endloop
  endfacet
  facet normal -0.973259 0.22971 0
    outer loop
      vertex 57.0813 27.9776 0.6
      vertex 57.0336 27.7755 0
      vertex 57.0336 27.7755 0.6
    endloop
  endfacet
  facet normal -0.972969 0.230934 0
    outer loop
      vertex 55.3436 20.6552 0
      vertex 57.0336 27.7755 0.6
      vertex 57.0336 27.7755 0
    endloop
  endfacet
  facet normal -0.972969 0.230934 0
    outer loop
      vertex 57.0336 27.7755 0.6
      vertex 55.3436 20.6552 0
      vertex 55.3436 20.6552 0.6
    endloop
  endfacet
  facet normal 0 1 -0
    outer loop
      vertex 55.3436 20.6552 0
      vertex 52.2107 20.6552 0.6
      vertex 55.3436 20.6552 0.6
    endloop
  endfacet
  facet normal 0 1 0
    outer loop
      vertex 52.2107 20.6552 0.6
      vertex 55.3436 20.6552 0
      vertex 52.2107 20.6552 0
    endloop
  endfacet
  facet normal 0.973662 0.227994 0
    outer loop
      vertex 52.2107 20.6552 0.6
      vertex 51.8629 22.1405 0
      vertex 51.8629 22.1405 0.6
    endloop
  endfacet
  facet normal 0.973662 0.227994 0
    outer loop
      vertex 51.8629 22.1405 0
      vertex 52.2107 20.6552 0.6
      vertex 52.2107 20.6552 0
    endloop
  endfacet
  facet normal 0.973795 0.227429 0
    outer loop
      vertex 51.8629 22.1405 0.6
      vertex 51.5495 23.4824 0
      vertex 51.5495 23.4824 0.6
    endloop
  endfacet
  facet normal 0.973795 0.227429 0
    outer loop
      vertex 51.5495 23.4824 0
      vertex 51.8629 22.1405 0.6
      vertex 51.8629 22.1405 0
    endloop
  endfacet
  facet normal 0.97393 0.226847 0
    outer loop
      vertex 51.5495 23.4824 0.6
      vertex 51.2703 24.6811 0
      vertex 51.2703 24.6811 0.6
    endloop
  endfacet
  facet normal 0.97393 0.226847 0
    outer loop
      vertex 51.2703 24.6811 0
      vertex 51.5495 23.4824 0.6
      vertex 51.5495 23.4824 0
    endloop
  endfacet
  facet normal 0.974129 0.225992 0
    outer loop
      vertex 51.2703 24.6811 0.6
      vertex 51.0255 25.7363 0
      vertex 51.0255 25.7363 0.6
    endloop
  endfacet
  facet normal 0.974129 0.225992 0
    outer loop
      vertex 51.0255 25.7363 0
      vertex 51.2703 24.6811 0.6
      vertex 51.2703 24.6811 0
    endloop
  endfacet
  facet normal 0.974406 0.224797 0
    outer loop
      vertex 51.0255 25.7363 0.6
      vertex 50.8151 26.6483 0
      vertex 50.8151 26.6483 0.6
    endloop
  endfacet
  facet normal 0.974406 0.224797 0
    outer loop
      vertex 50.8151 26.6483 0
      vertex 51.0255 25.7363 0.6
      vertex 51.0255 25.7363 0
    endloop
  endfacet
  facet normal 0.974743 0.223331 0
    outer loop
      vertex 50.8151 26.6483 0.6
      vertex 50.639 27.4169 0
      vertex 50.639 27.4169 0.6
    endloop
  endfacet
  facet normal 0.974743 0.223331 0
    outer loop
      vertex 50.639 27.4169 0
      vertex 50.8151 26.6483 0.6
      vertex 50.8151 26.6483 0
    endloop
  endfacet
  facet normal 0.975231 0.22119 0
    outer loop
      vertex 50.639 27.4169 0.6
      vertex 50.4972 28.0421 0
      vertex 50.4972 28.0421 0.6
    endloop
  endfacet
  facet normal 0.975231 0.22119 0
    outer loop
      vertex 50.4972 28.0421 0
      vertex 50.639 27.4169 0.6
      vertex 50.639 27.4169 0
    endloop
  endfacet
  facet normal 0.976053 0.217531 0
    outer loop
      vertex 50.4972 28.0421 0.6
      vertex 50.3898 28.524 0
      vertex 50.3898 28.524 0.6
    endloop
  endfacet
  facet normal 0.976053 0.217531 0
    outer loop
      vertex 50.3898 28.524 0
      vertex 50.4972 28.0421 0.6
      vertex 50.4972 28.0421 0
    endloop
  endfacet
  facet normal 0.977467 0.211087 0
    outer loop
      vertex 50.3898 28.524 0.6
      vertex 50.3167 28.8625 0
      vertex 50.3167 28.8625 0.6
    endloop
  endfacet
  facet normal 0.977467 0.211087 0
    outer loop
      vertex 50.3167 28.8625 0
      vertex 50.3898 28.524 0.6
      vertex 50.3898 28.524 0
    endloop
  endfacet
  facet normal 0.978831 0.204668 0
    outer loop
      vertex 50.3167 28.8625 0.6
      vertex 50.2606 29.1308 0
      vertex 50.2606 29.1308 0.6
    endloop
  endfacet
  facet normal 0.978831 0.204668 0
    outer loop
      vertex 50.2606 29.1308 0
      vertex 50.3167 28.8625 0.6
      vertex 50.3167 28.8625 0
    endloop
  endfacet
  facet normal 0.978995 0.203882 0
    outer loop
      vertex 50.2606 29.1308 0.6
      vertex 50.2041 29.4021 0
      vertex 50.2041 29.4021 0.6
    endloop
  endfacet
  facet normal 0.978995 0.203882 0
    outer loop
      vertex 50.2041 29.4021 0
      vertex 50.2606 29.1308 0.6
      vertex 50.2606 29.1308 0
    endloop
  endfacet
  facet normal 0.979282 0.202499 0
    outer loop
      vertex 50.2041 29.4021 0.6
      vertex 50.1474 29.6763 0
      vertex 50.1474 29.6763 0.6
    endloop
  endfacet
  facet normal 0.979282 0.202499 0
    outer loop
      vertex 50.1474 29.6763 0
      vertex 50.2041 29.4021 0.6
      vertex 50.2041 29.4021 0
    endloop
  endfacet
  facet normal 0.979352 0.202161 0
    outer loop
      vertex 50.1474 29.6763 0.6
      vertex 50.0902 29.9534 0
      vertex 50.0902 29.9534 0.6
    endloop
  endfacet
  facet normal 0.979352 0.202161 0
    outer loop
      vertex 50.0902 29.9534 0
      vertex 50.1474 29.6763 0.6
      vertex 50.1474 29.6763 0
    endloop
  endfacet
  facet normal 0.979573 0.20109 0
    outer loop
      vertex 50.0902 29.9534 0.6
      vertex 50.0327 30.2335 0
      vertex 50.0327 30.2335 0.6
    endloop
  endfacet
  facet normal 0.979573 0.20109 0
    outer loop
      vertex 50.0327 30.2335 0
      vertex 50.0902 29.9534 0.6
      vertex 50.0902 29.9534 0
    endloop
  endfacet
  facet normal 0.979774 0.200109 0
    outer loop
      vertex 50.0327 30.2335 0.6
      vertex 49.9749 30.5165 0
      vertex 49.9749 30.5165 0.6
    endloop
  endfacet
  facet normal 0.979774 0.200109 0
    outer loop
      vertex 49.9749 30.5165 0
      vertex 50.0327 30.2335 0.6
      vertex 50.0327 30.2335 0
    endloop
  endfacet
  facet normal 0.979903 0.199477 0
    outer loop
      vertex 49.9749 30.5165 0.6
      vertex 49.9167 30.8024 0
      vertex 49.9167 30.8024 0.6
    endloop
  endfacet
  facet normal 0.979903 0.199477 0
    outer loop
      vertex 49.9167 30.8024 0
      vertex 49.9749 30.5165 0.6
      vertex 49.9749 30.5165 0
    endloop
  endfacet
  facet normal 0.980108 0.198464 0
    outer loop
      vertex 49.9167 30.8024 0.6
      vertex 49.8582 31.0913 0
      vertex 49.8582 31.0913 0.6
    endloop
  endfacet
  facet normal 0.980108 0.198464 0
    outer loop
      vertex 49.8582 31.0913 0
      vertex 49.9167 30.8024 0.6
      vertex 49.9167 30.8024 0
    endloop
  endfacet
  facet normal 0.98023 0.19786 0
    outer loop
      vertex 49.8582 31.0913 0.6
      vertex 49.7993 31.3831 0
      vertex 49.7993 31.3831 0.6
    endloop
  endfacet
  facet normal 0.98023 0.19786 0
    outer loop
      vertex 49.7993 31.3831 0
      vertex 49.8582 31.0913 0.6
      vertex 49.8582 31.0913 0
    endloop
  endfacet
  facet normal -0.978823 0.204707 0
    outer loop
      vertex 49.3625 29.2945 0
      vertex 49.7993 31.3831 0.6
      vertex 49.7993 31.3831 0
    endloop
  endfacet
  facet normal -0.978823 0.204707 0
    outer loop
      vertex 49.7993 31.3831 0.6
      vertex 49.3625 29.2945 0
      vertex 49.3625 29.2945 0.6
    endloop
  endfacet
  facet normal -0.975785 0.218734 0
    outer loop
      vertex 47.4259 20.6552 0
      vertex 49.3625 29.2945 0.6
      vertex 49.3625 29.2945 0
    endloop
  endfacet
  facet normal -0.975785 0.218734 0
    outer loop
      vertex 49.3625 29.2945 0.6
      vertex 47.4259 20.6552 0
      vertex 47.4259 20.6552 0.6
    endloop
  endfacet
  facet normal 0 1 -0
    outer loop
      vertex 47.4259 20.6552 0
      vertex 44.5873 20.6552 0.6
      vertex 47.4259 20.6552 0.6
    endloop
  endfacet
  facet normal 0 1 0
    outer loop
      vertex 44.5873 20.6552 0.6
      vertex 47.4259 20.6552 0
      vertex 44.5873 20.6552 0
    endloop
  endfacet
  facet normal 0.96838 -0.249481 0
    outer loop
      vertex 44.5873 20.6552 0.6
      vertex 48.0335 34.0319 0
      vertex 48.0335 34.0319 0.6
    endloop
  endfacet
  facet normal 0.96838 -0.249481 0
    outer loop
      vertex 48.0335 34.0319 0
      vertex 44.5873 20.6552 0.6
      vertex 44.5873 20.6552 0
    endloop
  endfacet
  facet normal 0 -1 0
    outer loop
      vertex 48.0335 34.0319 0
      vertex 51.3563 34.0319 0.6
      vertex 48.0335 34.0319 0.6
    endloop
  endfacet
  facet normal 0 -1 -0
    outer loop
      vertex 51.3563 34.0319 0.6
      vertex 48.0335 34.0319 0
      vertex 51.3563 34.0319 0
    endloop
  endfacet
  facet normal -0.97382 -0.227322 0
    outer loop
      vertex 51.7526 32.3342 0
      vertex 51.3563 34.0319 0.6
      vertex 51.3563 34.0319 0
    endloop
  endfacet
  facet normal -0.97382 -0.227322 0
    outer loop
      vertex 51.3563 34.0319 0.6
      vertex 51.7526 32.3342 0
      vertex 51.7526 32.3342 0.6
    endloop
  endfacet
  facet normal 0 -1 0
    outer loop
      vertex 65.9146 30.614 0
      vertex 71.0127 30.614 0.6
      vertex 65.9146 30.614 0.6
    endloop
  endfacet
  facet normal 0 -1 -0
    outer loop
      vertex 71.0127 30.614 0.6
      vertex 65.9146 30.614 0
      vertex 71.0127 30.614 0
    endloop
  endfacet
  facet normal 0.944671 -0.328019 0
    outer loop
      vertex 71.0127 30.614 0.6
      vertex 72.1995 34.0319 0
      vertex 72.1995 34.0319 0.6
    endloop
  endfacet
  facet normal 0.944671 -0.328019 0
    outer loop
      vertex 72.1995 34.0319 0
      vertex 71.0127 30.614 0.6
      vertex 71.0127 30.614 0
    endloop
  endfacet
  facet normal 0 -1 0
    outer loop
      vertex 72.1995 34.0319 0
      vertex 74.9716 34.0319 0.6
      vertex 72.1995 34.0319 0.6
    endloop
  endfacet
  facet normal 0 -1 -0
    outer loop
      vertex 74.9716 34.0319 0.6
      vertex 72.1995 34.0319 0
      vertex 74.9716 34.0319 0
    endloop
  endfacet
  facet normal -0.939871 0.341529 0
    outer loop
      vertex 70.1108 20.6552 0
      vertex 74.9716 34.0319 0.6
      vertex 74.9716 34.0319 0
    endloop
  endfacet
  facet normal -0.939871 0.341529 0
    outer loop
      vertex 74.9716 34.0319 0.6
      vertex 70.1108 20.6552 0
      vertex 70.1108 20.6552 0.6
    endloop
  endfacet
  facet normal 0 1 -0
    outer loop
      vertex 70.1108 20.6552 0
      vertex 66.807 20.6552 0.6
      vertex 70.1108 20.6552 0.6
    endloop
  endfacet
  facet normal 0 1 0
    outer loop
      vertex 66.807 20.6552 0.6
      vertex 70.1108 20.6552 0
      vertex 66.807 20.6552 0
    endloop
  endfacet
  facet normal 0.939442 0.342707 0
    outer loop
      vertex 66.807 20.6552 0.6
      vertex 61.9272 34.0319 0
      vertex 61.9272 34.0319 0.6
    endloop
  endfacet
  facet normal 0.939442 0.342707 0
    outer loop
      vertex 61.9272 34.0319 0
      vertex 66.807 20.6552 0.6
      vertex 66.807 20.6552 0
    endloop
  endfacet
  facet normal 0 -1 0
    outer loop
      vertex 61.9272 34.0319 0
      vertex 64.7278 34.0319 0.6
      vertex 61.9272 34.0319 0.6
    endloop
  endfacet
  facet normal 0 -1 -0
    outer loop
      vertex 64.7278 34.0319 0.6
      vertex 61.9272 34.0319 0
      vertex 64.7278 34.0319 0
    endloop
  endfacet
  facet normal -0.944671 -0.328019 0
    outer loop
      vertex 65.9146 30.614 0
      vertex 64.7278 34.0319 0.6
      vertex 64.7278 34.0319 0
    endloop
  endfacet
  facet normal -0.944671 -0.328019 0
    outer loop
      vertex 64.7278 34.0319 0.6
      vertex 65.9146 30.614 0
      vertex 65.9146 30.614 0.6
    endloop
  endfacet
  facet normal -0.945824 -0.324678 0
    outer loop
      vertex 66.8576 27.5845 0
      vertex 66.5411 28.5065 0.6
      vertex 66.5411 28.5065 0
    endloop
  endfacet
  facet normal -0.945824 -0.324678 0
    outer loop
      vertex 66.5411 28.5065 0.6
      vertex 66.8576 27.5845 0
      vertex 66.8576 27.5845 0.6
    endloop
  endfacet
  facet normal -0.945989 -0.324198 0
    outer loop
      vertex 67.1403 26.7596 0
      vertex 66.8576 27.5845 0.6
      vertex 66.8576 27.5845 0
    endloop
  endfacet
  facet normal -0.945989 -0.324198 0
    outer loop
      vertex 66.8576 27.5845 0.6
      vertex 67.1403 26.7596 0
      vertex 67.1403 26.7596 0.6
    endloop
  endfacet
  facet normal -0.946158 -0.323706 0
    outer loop
      vertex 67.3893 26.0318 0
      vertex 67.1403 26.7596 0.6
      vertex 67.1403 26.7596 0
    endloop
  endfacet
  facet normal -0.946158 -0.323706 0
    outer loop
      vertex 67.1403 26.7596 0.6
      vertex 67.3893 26.0318 0
      vertex 67.3893 26.0318 0.6
    endloop
  endfacet
  facet normal -0.946439 -0.322882 0
    outer loop
      vertex 67.6045 25.401 0
      vertex 67.3893 26.0318 0.6
      vertex 67.3893 26.0318 0
    endloop
  endfacet
  facet normal -0.946439 -0.322882 0
    outer loop
      vertex 67.3893 26.0318 0.6
      vertex 67.6045 25.401 0
      vertex 67.6045 25.401 0.6
    endloop
  endfacet
  facet normal -0.946822 -0.321756 0
    outer loop
      vertex 67.7859 24.8672 0
      vertex 67.6045 25.401 0.6
      vertex 67.6045 25.401 0
    endloop
  endfacet
  facet normal -0.946822 -0.321756 0
    outer loop
      vertex 67.6045 25.401 0.6
      vertex 67.7859 24.8672 0
      vertex 67.7859 24.8672 0.6
    endloop
  endfacet
  facet normal -0.947286 -0.32039 0
    outer loop
      vertex 67.9336 24.4305 0
      vertex 67.7859 24.8672 0.6
      vertex 67.7859 24.8672 0
    endloop
  endfacet
  facet normal -0.947286 -0.32039 0
    outer loop
      vertex 67.7859 24.8672 0.6
      vertex 67.9336 24.4305 0
      vertex 67.9336 24.4305 0.6
    endloop
  endfacet
  facet normal -0.948095 -0.317986 0
    outer loop
      vertex 68.0475 24.0909 0
      vertex 67.9336 24.4305 0.6
      vertex 67.9336 24.4305 0
    endloop
  endfacet
  facet normal -0.948095 -0.317986 0
    outer loop
      vertex 67.9336 24.4305 0.6
      vertex 68.0475 24.0909 0
      vertex 68.0475 24.0909 0.6
    endloop
  endfacet
  facet normal -0.949502 -0.313762 0
    outer loop
      vertex 68.1277 23.8482 0
      vertex 68.0475 24.0909 0.6
      vertex 68.0475 24.0909 0
    endloop
  endfacet
  facet normal -0.949502 -0.313762 0
    outer loop
      vertex 68.0475 24.0909 0.6
      vertex 68.1277 23.8482 0
      vertex 68.1277 23.8482 0.6
    endloop
  endfacet
  facet normal -0.952728 -0.303825 0
    outer loop
      vertex 68.1741 23.7027 0
      vertex 68.1277 23.8482 0.6
      vertex 68.1277 23.8482 0
    endloop
  endfacet
  facet normal -0.952728 -0.303825 0
    outer loop
      vertex 68.1277 23.8482 0.6
      vertex 68.1741 23.7027 0
      vertex 68.1741 23.7027 0.6
    endloop
  endfacet
  facet normal -0.957192 -0.289453 0
    outer loop
      vertex 68.2031 23.6068 0
      vertex 68.1741 23.7027 0.6
      vertex 68.1741 23.7027 0
    endloop
  endfacet
  facet normal -0.957192 -0.289453 0
    outer loop
      vertex 68.1741 23.7027 0.6
      vertex 68.2031 23.6068 0
      vertex 68.2031 23.6068 0.6
    endloop
  endfacet
  facet normal -0.957403 -0.288757 0
    outer loop
      vertex 68.2313 23.5133 0
      vertex 68.2031 23.6068 0.6
      vertex 68.2031 23.6068 0
    endloop
  endfacet
  facet normal -0.957403 -0.288757 0
    outer loop
      vertex 68.2031 23.6068 0.6
      vertex 68.2313 23.5133 0
      vertex 68.2313 23.5133 0.6
    endloop
  endfacet
  facet normal -0.958288 -0.285805 0
    outer loop
      vertex 68.2585 23.4221 0
      vertex 68.2313 23.5133 0.6
      vertex 68.2313 23.5133 0
    endloop
  endfacet
  facet normal -0.958288 -0.285805 0
    outer loop
      vertex 68.2313 23.5133 0.6
      vertex 68.2585 23.4221 0
      vertex 68.2585 23.4221 0.6
    endloop
  endfacet
  facet normal -0.959124 -0.282985 0
    outer loop
      vertex 68.2847 23.3333 0
      vertex 68.2585 23.4221 0.6
      vertex 68.2585 23.4221 0
    endloop
  endfacet
  facet normal -0.959124 -0.282985 0
    outer loop
      vertex 68.2585 23.4221 0.6
      vertex 68.2847 23.3333 0
      vertex 68.2847 23.3333 0.6
    endloop
  endfacet
  facet normal -0.959788 -0.280724 0
    outer loop
      vertex 68.31 23.2468 0
      vertex 68.2847 23.3333 0.6
      vertex 68.2847 23.3333 0
    endloop
  endfacet
  facet normal -0.959788 -0.280724 0
    outer loop
      vertex 68.2847 23.3333 0.6
      vertex 68.31 23.2468 0
      vertex 68.31 23.2468 0.6
    endloop
  endfacet
  facet normal -0.960484 -0.278335 0
    outer loop
      vertex 68.3344 23.1626 0
      vertex 68.31 23.2468 0.6
      vertex 68.31 23.2468 0
    endloop
  endfacet
  facet normal -0.960484 -0.278335 0
    outer loop
      vertex 68.31 23.2468 0.6
      vertex 68.3344 23.1626 0
      vertex 68.3344 23.1626 0.6
    endloop
  endfacet
  facet normal -0.961124 -0.276117 0
    outer loop
      vertex 68.3579 23.0808 0
      vertex 68.3344 23.1626 0.6
      vertex 68.3344 23.1626 0
    endloop
  endfacet
  facet normal -0.961124 -0.276117 0
    outer loop
      vertex 68.3344 23.1626 0.6
      vertex 68.3579 23.0808 0
      vertex 68.3579 23.0808 0.6
    endloop
  endfacet
  facet normal -0.962206 -0.272322 0
    outer loop
      vertex 68.3804 23.0013 0
      vertex 68.3579 23.0808 0.6
      vertex 68.3579 23.0808 0
    endloop
  endfacet
  facet normal -0.962206 -0.272322 0
    outer loop
      vertex 68.3579 23.0808 0.6
      vertex 68.3804 23.0013 0
      vertex 68.3804 23.0013 0.6
    endloop
  endfacet
  facet normal -0.963016 -0.269445 0
    outer loop
      vertex 68.402 22.9241 0
      vertex 68.3804 23.0013 0.6
      vertex 68.3804 23.0013 0
    endloop
  endfacet
  facet normal -0.963016 -0.269445 0
    outer loop
      vertex 68.3804 23.0013 0.6
      vertex 68.402 22.9241 0
      vertex 68.402 22.9241 0.6
    endloop
  endfacet
  facet normal -0.964934 -0.262492 0
    outer loop
      vertex 68.4588 22.7153 0
      vertex 68.402 22.9241 0.6
      vertex 68.402 22.9241 0
    endloop
  endfacet
  facet normal -0.964934 -0.262492 0
    outer loop
      vertex 68.402 22.9241 0.6
      vertex 68.4588 22.7153 0
      vertex 68.4588 22.7153 0.6
    endloop
  endfacet
  facet normal 0.956637 -0.291284 0
    outer loop
      vertex 68.4588 22.7153 0.6
      vertex 68.6583 23.3705 0
      vertex 68.6583 23.3705 0.6
    endloop
  endfacet
  facet normal 0.956637 -0.291284 0
    outer loop
      vertex 68.6583 23.3705 0
      vertex 68.4588 22.7153 0.6
      vertex 68.4588 22.7153 0
    endloop
  endfacet
  facet normal 0.953494 -0.301411 0
    outer loop
      vertex 68.6583 23.3705 0.6
      vertex 69.0664 24.6615 0
      vertex 69.0664 24.6615 0.6
    endloop
  endfacet
  facet normal 0.953494 -0.301411 0
    outer loop
      vertex 69.0664 24.6615 0
      vertex 68.6583 23.3705 0.6
      vertex 68.6583 23.3705 0
    endloop
  endfacet
  facet normal 0.945839 -0.324636 0
    outer loop
      vertex 69.0664 24.6615 0.6
      vertex 70.3861 28.5065 0
      vertex 70.3861 28.5065 0.6
    endloop
  endfacet
  facet normal 0.945839 -0.324636 0
    outer loop
      vertex 70.3861 28.5065 0
      vertex 69.0664 24.6615 0.6
      vertex 69.0664 24.6615 0
    endloop
  endfacet
  facet normal 0 1 -0
    outer loop
      vertex 70.3861 28.5065 0
      vertex 66.5411 28.5065 0.6
      vertex 70.3861 28.5065 0.6
    endloop
  endfacet
  facet normal 0 1 0
    outer loop
      vertex 66.5411 28.5065 0.6
      vertex 70.3861 28.5065 0
      vertex 66.5411 28.5065 0
    endloop
  endfacet
  facet normal 0 1 -0
    outer loop
      vertex 79.2573 20.6552 0
      vertex 76.4566 20.6552 0.6
      vertex 79.2573 20.6552 0.6
    endloop
  endfacet
  facet normal 0 1 0
    outer loop
      vertex 76.4566 20.6552 0.6
      vertex 79.2573 20.6552 0
      vertex 76.4566 20.6552 0
    endloop
  endfacet
  facet normal 1 -0 0
    outer loop
      vertex 76.4566 20.6552 0.6
      vertex 76.4566 34.0319 0
      vertex 76.4566 34.0319 0.6
    endloop
  endfacet
  facet normal 1 0 0
    outer loop
      vertex 76.4566 34.0319 0
      vertex 76.4566 20.6552 0.6
      vertex 76.4566 20.6552 0
    endloop
  endfacet
  facet normal 0 -1 0
    outer loop
      vertex 76.4566 34.0319 0
      vertex 79.2573 34.0319 0.6
      vertex 76.4566 34.0319 0.6
    endloop
  endfacet
  facet normal 0 -1 -0
    outer loop
      vertex 79.2573 34.0319 0.6
      vertex 76.4566 34.0319 0
      vertex 79.2573 34.0319 0
    endloop
  endfacet
  facet normal -1 0 0
    outer loop
      vertex 79.2573 20.6552 0
      vertex 79.2573 34.0319 0.6
      vertex 79.2573 34.0319 0
    endloop
  endfacet
  facet normal -1 -0 0
    outer loop
      vertex 79.2573 34.0319 0.6
      vertex 79.2573 20.6552 0
      vertex 79.2573 20.6552 0.6
    endloop
  endfacet
  facet normal 0 1 -0
    outer loop
      vertex 122.25 22.5 2.5
      vertex 120.65 22.5 7.5
      vertex 122.25 22.5 7.5
    endloop
  endfacet
  facet normal 0 1 0
    outer loop
      vertex 120.65 22.5 7.5
      vertex 122.25 22.5 2.5
      vertex 120.65 22.5 2.5
    endloop
  endfacet
  facet normal 0 -1 0
    outer loop
      vertex 120.65 32.5 2.5
      vertex 122.25 32.5 7.5
      vertex 120.65 32.5 7.5
    endloop
  endfacet
  facet normal 0 -1 -0
    outer loop
      vertex 122.25 32.5 7.5
      vertex 120.65 32.5 2.5
      vertex 122.25 32.5 2.5
    endloop
  endfacet
  facet normal 1 -0 0
    outer loop
      vertex 81.25 50.65 7.5
      vertex 81.25 52.25 2.5
      vertex 81.25 52.25 7.5
    endloop
  endfacet
  facet normal 1 0 0
    outer loop
      vertex 81.25 52.25 2.5
      vertex 81.25 50.65 7.5
      vertex 81.25 50.65 2.5
    endloop
  endfacet
  facet normal -1 0 0
    outer loop
      vertex 89.25 50.65 2.5
      vertex 89.25 52.25 7.5
      vertex 89.25 52.25 2.5
    endloop
  endfacet
  facet normal -1 -0 0
    outer loop
      vertex 89.25 52.25 7.5
      vertex 89.25 50.65 2.5
      vertex 89.25 50.65 7.5
    endloop
  endfacet
endsolid OpenSCAD_Model
